rosbagTimestamp,x,y,z,r,p,q,joint1,joint2,joint3,joint4
617974000000,2.05483317375,-2.49379992485,1.00504457951,0.00181318811058,0.00600188050812,0.000190719741541,0.213710307726,0.484583373405,0.107844076526,-0.592427749737
618074000000,2.05466127396,-2.49506163597,1.00634920597,0.00101183524042,0.00785177816115,0.00010259677394,0.213710307803,0.484583373935,0.107844076486,-0.592427769477
618173000000,2.05615067482,-2.49605894089,1.00735867023,0.00127043725087,0.00856012391379,3.48563588627E-05,0.213710307653,0.484583375683,0.107844076427,-0.592427824341
618273000000,2.05635428429,-2.49681138992,1.00769042969,0.000966935298752,0.00780760585783,3.60594798378E-05,0.213710307718,0.48458337235,0.10784407657,-0.592427715393
618374000000,2.05355906487,-2.49968194962,1.00782799721,0.00185736548191,0.00643781736383,0.000107974654739,0.213710307746,0.484583374818,0.10784407652,-0.592427789117
618473000000,2.05361270905,-2.50128674507,1.00734460354,0.0011649282125,0.00696189227527,-0.000182740915493,0.213710307586,0.484583373724,0.107844076597,-0.592427749327
618574000000,2.0554792881,-2.50229120255,1.00641167164,0.000758978834148,0.00660701478015,-0.000269762834722,0.213710307595,0.484583373438,0.107844076594,-0.592427741747
618675000000,2.05591750145,-2.50294327736,1.00582945347,0.000933212110024,0.00550265596279,-0.000425730374876,0.213710307834,0.484583371007,0.107844076674,-0.592427664903
618773000000,2.05108499527,-2.50548577309,1.00501251221,0.00309788451035,0.00567456768139,0.000177883636461,0.213710307775,0.484583372868,0.107844076586,-0.592427727447
618873000000,2.04955935478,-2.50678277016,1.00431656837,0.00218830076313,0.00857349890821,0.00036299629226,0.213710307798,0.484583373489,0.107844076572,-0.592427746736
618973000000,2.04930853844,-2.50712418556,1.00393044949,0.00143590711313,0.0103518677802,0.000523991054551,0.213710307492,0.484583374318,0.107844076554,-0.592427772424
619074000000,2.04889035225,-2.50822114944,1.00335776806,0.00244901282296,0.0118982470724,0.000403255056592,0.213710307967,0.484583376757,0.107844076488,-0.592427847579
619172000000,2.04597425461,-2.51404261589,1.00266695023,0.000912275568106,0.0110893062771,0.000718362613319,0.213710307489,0.484583374457,0.10784407655,-0.592427777138
619274000000,2.04622578621,-2.51606059074,1.00244879723,-0.000405783825425,0.0100395501766,0.000280013295,0.213710307409,0.484583372368,0.107844076568,-0.592427718793
619373000000,2.04797148705,-2.51785492897,1.00213885307,-0.000702885262355,0.00900561814327,2.06802672724E-07,0.213710307809,0.484583373738,0.107844076545,-0.592427759117
619474000000,2.04873490334,-2.52115917206,1.00228059292,-0.000317943068064,0.00768396521865,-0.000160537795874,0.213710307717,0.484583373482,0.107844076577,-0.592427749052
619573000000,2.047757864,-2.5246796608,1.00328147411,0.000791655283961,0.00787685986188,0.00014051770055,0.213710307893,0.484583374003,0.107844076523,-0.592427770193
619673000000,2.04808044434,-2.52599048615,1.00371575356,0.000516382124646,0.00861968291913,-0.000167374954573,0.213710307639,0.484583371677,0.107844076566,-0.592427700363
619773000000,2.04978442192,-2.52629137039,1.00474429131,0.00132435737845,0.0104722858987,-7.39041887804E-05,0.213710307643,0.484583375768,0.107844076399,-0.592427833655
619874000000,2.0492579937,-2.52811861038,1.00560331345,0.00300519043635,0.0108168325038,-6.95588388989E-05,0.213710307799,0.484583375093,0.107844076492,-0.592427804161
619974000000,2.04785943031,-2.53115439415,1.00573027134,0.00376667153594,0.00957863437962,-0.000118854822239,0.213710307979,0.484583374296,0.107844076573,-0.592427772288
620077000000,2.04663324356,-2.53494930267,1.00622284412,0.0021906924674,0.00891877511039,-0.000113722348693,0.213710307674,0.484583374679,0.107844076526,-0.592427788408
620173000000,2.04530143738,-2.5394961834,1.00751471519,0.000614658707354,0.00889073746633,-0.000145963147623,0.213710307531,0.484583374114,0.107844076518,-0.592427774239
620273000000,2.04576730728,-2.54164552689,1.00836789608,0.000739773006065,0.00922024178884,4.08482405904E-06,0.213710307843,0.484583373382,0.107844076553,-0.59242775019
620373000000,2.04744434357,-2.54190135002,1.00864374638,0.000190600827095,0.0101125565273,0.000112232837165,0.213710307474,0.484583373088,0.107844076532,-0.592427745319
620473000000,2.04792094231,-2.54472851753,1.0103148222,0.00114596508437,0.0105542876777,8.86564667222E-05,0.21371030806,0.484583374598,0.10784407645,-0.592427796977
620573000000,2.04806017876,-2.54926323891,1.01348125935,0.000370975914447,0.00978381319784,0.000221149621919,0.213710307795,0.484583375063,0.107844076385,-0.592427818437
620675000000,2.047996521,-2.55329155922,1.01478862762,-0.00127020921221,0.00874330538774,0.000409597551202,0.213710307745,0.484583372181,0.1078440765,-0.592427725656
620773000000,2.04776215553,-2.55683040619,1.01525628567,-0.00170859483819,0.00923566286528,0.00066832142941,0.213710307777,0.484583372782,0.107844076498,-0.592427741735
620874000000,2.04857110977,-2.55939030647,1.01582860947,-0.00273043365322,0.00987618908898,0.000514792262953,0.21371030766,0.4845833751,0.107844076429,-0.592427813722
620973000000,2.05151844025,-2.55958986282,1.01560938358,-0.00298589725055,0.0102133280269,0.000780158442886,0.213710307744,0.484583375318,0.107844076487,-0.592427812195
621073000000,2.05290389061,-2.56144332886,1.01512777805,-0.00260267720338,0.00847164467114,0.000619161280476,0.213710307961,0.484583373431,0.107844076554,-0.592427751585
621173000000,2.05328440666,-2.56492972374,1.01470947266,-0.00331266812382,0.00775024147378,0.000503129240398,0.213710307902,0.48458337413,0.107844076531,-0.592427773975
621273000000,2.05438017845,-2.56581759453,1.01421999931,-0.00534472091913,0.00859403579472,0.000534811953915,0.213710307643,0.484583375182,0.10784407652,-0.592427803535
621374000000,2.05660223961,-2.56557846069,1.01330900192,-0.00648668618367,0.00922019252368,0.000347568594703,0.213710307796,0.484583374378,0.107844076556,-0.592427776899
621474000000,2.05860328674,-2.56619906425,1.01231253147,-0.00598262987951,0.00847907727834,0.000284588275881,0.213710307755,0.484583376685,0.107844076435,-0.592427854374
621573000000,2.05960536003,-2.56812953949,1.01117861271,-0.00515336922329,0.00610868513911,0.000431862839227,0.213710307941,0.484583372248,0.107844076585,-0.592427713727
621673000000,2.06141233444,-2.56778717041,1.01027822495,-0.00583365536907,0.00532085061692,0.000272176549078,0.213710307817,0.484583373279,0.107844076594,-0.592427741468
621773000000,2.06389904022,-2.56536984444,1.00943696499,-0.00566281957048,0.00650881311661,0.00012537715129,0.213710307749,0.484583375267,0.107844076488,-0.592427809405
621873000000,2.06512403488,-2.56440138817,1.00878667831,-0.00453797602147,0.00694594481424,0.000139257081548,0.21371030787,0.484583374979,0.107844076485,-0.592427799774
621974000000,2.06443214417,-2.56681275368,1.00775933266,-0.00399297511841,0.0072158930085,3.88675442112E-05,0.213710307856,0.484583373635,0.107844076515,-0.592427759093
622074000000,2.06490516663,-2.56594443321,1.00732445717,-0.00418462403436,0.00767631368966,0.00025393395199,0.213710308015,0.48458337394,0.107844076546,-0.592427764372
622175000000,2.06607532501,-2.56301617622,1.00653970242,-0.00394492549792,0.00970749123525,0.000533320636484,0.213710307716,0.484583374179,0.107844076588,-0.59242776604
622275000000,2.0658826828,-2.56206321716,1.00634598732,-0.00135661320605,0.00991534530656,0.000571199138858,0.213710308188,0.484583375427,0.107844076528,-0.592427807066
622376000000,2.0649034977,-2.56254887581,1.00617110729,-0.00079322611906,0.00943377332979,0.000602842650356,0.213710307843,0.484583373021,0.107844076598,-0.592427732816
622473000000,2.06509685516,-2.56143212318,1.00619494915,-0.00118028818936,0.00943907760498,0.000481062529901,0.213710308005,0.484583374777,0.107844076518,-0.592427791521
622573000000,2.06613063812,-2.55905389786,1.00655460358,-0.00172439167016,0.00955734133503,0.000501573928989,0.213710307877,0.484583374125,0.107844076524,-0.592427773587
622675000000,2.06775689125,-2.55725502968,1.00722527504,-0.0024207482308,0.00914764840565,0.000429451640327,0.213710308001,0.484583375435,0.107844076432,-0.592427821089
622773000000,2.06910157204,-2.55732178688,1.00738692284,-0.00201922545491,0.00765923824853,0.000703290015642,0.213710308089,0.484583372453,0.107844076564,-0.592427723158
622873000000,2.07037425041,-2.55621528625,1.00743675232,-0.00231475658441,0.00734435401118,0.000726546232069,0.131710308154,0.466884041969,0.189844077241,-0.674427795609
622973000000,2.07338237762,-2.55303287506,1.00682389736,-0.00391241017849,0.00730860468427,0.000635697035645,0.0317103080664,0.466884037752,0.289844078006,-0.760263620136
623073000000,2.07558488846,-2.55276107788,1.00627398491,-0.0056517327436,0.00600166068771,0.000448429456212,-0.0682896922209,0.466884038188,0.293379263027,-0.760263641823
623173000000,2.07770395279,-2.55357027054,1.00587546825,-0.00672222740109,0.00398725360003,0.000718863231057,-0.168289692158,0.466884037974,0.293379263069,-0.760263630426
623273000000,2.07941412926,-2.55255079269,1.00511682034,-0.0067279276733,0.00316596388943,0.000662355277906,-0.168596163935,0.396462223555,0.375379264297,-0.836046851124
623376000000,2.0825817585,-2.54867839813,1.00358402729,-0.00351573954975,0.00321400610873,0.000211997119125,-0.16859616338,0.396462222398,0.439584302565,-0.836046912066
623473000000,2.08291506767,-2.54664063454,1.00331187248,-0.00217924609176,0.00309549222088,8.88445456045E-05,-0.161560997524,0.380987304626,0.477802056174,-0.858789673446
623574000000,2.08208703995,-2.54556059837,1.00274288654,-0.00114336370925,0.00398696309212,0.000283224066657,-0.161560997605,0.380987307208,0.477802056143,-0.858789747071
623673000000,2.08243203163,-2.5423605442,1.00207841396,0.00012360097804,0.00402253784216,0.000362375052387,-0.147443264849,0.297987307932,0.560802057138,-0.941789718536
623774000000,2.08324670792,-2.53907585144,1.00158929825,0.00139603275532,0.00371442514014,0.000190736632166,-0.147443264832,0.285796211137,0.66080205814,-0.988297394017
623874000000,2.08363008499,-2.53722476959,1.00149452686,0.00214834329919,0.00319166547379,0.000300058461104,-0.136673748758,0.283453029145,0.7206642238,-1.00411749513
623974000000,2.08130979538,-2.53790974617,1.00246679783,0.00204182128154,0.00390308775216,0.000307105563051,-0.136673748602,0.283453030212,0.720664223665,-1.00411753672
624073000000,2.08052873611,-2.53705859184,1.00353741646,0.00068166271493,0.00599774981489,0.000524751796956,-0.113110416164,0.26851610711,0.751468261913,-1.01998470066
624173000000,2.08024001122,-2.53522562981,1.0045042038,0.00039533443353,0.0075864855657,0.000695410334952,-0.113110416026,0.268516109102,0.75146826185,-1.0199847627
624274000000,2.07946872711,-2.53556227684,1.00592541695,0.00123822317954,0.00845869615219,0.000725870296519,-0.113110415668,0.26851611011,0.751468261769,-1.01998479828
624374000000,2.07901835442,-2.53683185577,1.0067512989,0.00153561754838,0.00801927624499,0.000901532382115,-0.113110415762,0.268516106014,0.751468261996,-1.01998466452
624474000000,2.07917881012,-2.53718137741,1.00725662708,0.00141633168217,0.0061680962476,0.000490407922659,-0.101312950473,0.254650425804,0.782088479665,-1.03673928811
624575000000,2.07989287376,-2.53582763672,1.0079870224,0.00131968820525,0.00658094149761,0.000557143594234,-0.10131295066,0.254650427808,0.782088479654,-1.03673934604
624673000000,2.079403162,-2.53658890724,1.00934267044,0.00169042005615,0.00759604001605,0.000582487771267,-0.0844606758302,0.282644375637,0.739014586649,-1.02165937673
624774000000,2.0785741806,-2.53881621361,1.0105587244,0.000935523953343,0.00852372895164,0.000331892597622,-0.0844606760371,0.282644376197,0.739014586506,-1.02165940508
624873000000,2.07813096046,-2.54004812241,1.01129221916,-0.000279224063342,0.00820463275744,0.000559328015353,-0.0815942366022,0.272633447442,0.742220064816,-1.0148539401
624976000000,2.07670092583,-2.54248666763,1.01346421242,-4.69750684687E-05,0.00797097923092,0.000544438691034,-0.081594236403,0.27263344682,0.742220064768,-1.01485392659
625073000000,2.07598662376,-2.54271864891,1.0146933794,0.00164205406455,0.00963183141393,0.000457788883972,-0.0807962343464,0.293158961303,0.728098651411,-1.02125796989
625173000000,2.0761384964,-2.54112887383,1.01428198814,0.000433966060966,0.010671902419,0.000601989539382,-0.0807962347115,0.293158963174,0.728098651372,-1.0212580268
625273000000,2.0770406723,-2.541431427,1.01452302933,0.00117320500588,0.0104834216696,0.000345183625835,-0.0807962345865,0.293158961298,0.728098651449,-1.02125796811
625374000000,2.07841277122,-2.54231786728,1.01485466957,0.00189610799593,0.00996991092431,0.000240419787109,-0.0807962345629,0.293158962236,0.728098651385,-1.02125800065
625473000000,2.08007574081,-2.54185438156,1.01451587677,0.00133074849698,0.00980024352713,0.000100256621142,-0.0845901969102,0.292160077574,0.729701062705,-1.02186154927
625573000000,2.08215093613,-2.5401597023,1.01402771473,0.000571652903221,0.00938327483882,-0.000213702295509,-0.0845901970797,0.29216007803,0.7297010627,-1.02186156279
625678000000,2.08384609222,-2.53935956955,1.01424276829,0.00116204879843,0.00829924660922,-0.000343651107836,-0.0933480861994,0.314903267471,0.733338913233,-1.0482424442
625773000000,2.08612394333,-2.54084539413,1.01511108875,0.0026338495786,0.00623813530742,0.000115100199618,-0.0933480863381,0.314903271184,0.733338912992,-1.04824257037
625873000000,2.08752727509,-2.54032278061,1.01504421234,0.00299195195789,0.00665493950197,4.50220829222E-05,-0.0933480860669,0.314903270066,0.733338913075,-1.0482425302
625973000000,2.08966374397,-2.53813838959,1.01507878304,0.00215475083363,0.00695502249901,-0.000136987145494,-0.0933480864162,0.314903270094,0.733338913101,-1.048242529
626073000000,2.09036111832,-2.53810048103,1.01525342464,0.00311043510785,0.00805025894874,-0.000122351186166,-0.0960171151233,0.325859349143,0.754243215891,-1.08010294321
626175000000,2.09068155289,-2.53911709785,1.01577985287,0.00382710817641,0.00885557595059,0.000222961932431,-0.0960171151375,0.325859348978,0.754243215892,-1.08010293722
626274000000,2.09213137627,-2.54056549072,1.01775431633,0.00490950381646,0.00822720925592,0.000139472857644,-0.0992006213731,0.322841057867,0.78171452004,-1.10455598673
626373000000,2.09417629242,-2.54250836372,1.02047002316,0.00453669439333,0.00613847765056,4.66304582722E-05,-0.0992006213866,0.322841055644,0.781714520093,-1.10455591957
626473000000,2.09611964226,-2.54280662537,1.02205443382,0.00238890391661,0.00506016547604,0.00031101992156,-0.113674454763,0.366436933633,0.801460168168,-1.1678974744
626573000000,2.0979745388,-2.54163956642,1.0228894949,0.00139155276795,0.00437909255224,0.000243200237737,-0.113674454907,0.366436933843,0.801460168166,-1.16789747934
626674000000,2.09910559654,-2.54100751877,1.02335178852,0.00222981752346,0.00427026720288,0.000161800584135,-0.113674454579,0.366436931856,0.801460168301,-1.16789741219
626774000000,2.09991812706,-2.54259371758,1.024979949,0.00390026504976,0.00397277726869,0.000347030896517,-0.113674454654,0.366436933461,0.801460168105,-1.16789747101
626874000000,2.10045146942,-2.54224038124,1.02575194836,0.00412332617792,0.00502280372583,1.61716613233E-05,-0.117595360089,0.36230469016,0.827763459797,-1.19006845361
626974000000,2.10007715225,-2.53901028633,1.02511096001,0.00541237224942,0.00708374203791,-0.000322559997949,-0.117595360015,0.362304691204,0.827763459762,-1.19006848528
627076000000,2.10009121895,-2.53995966911,1.02649188042,0.00688758430819,0.00899489212858,-0.000442339838285,-0.128819763577,0.39956731093,0.812831720981,-1.21239958854
627173000000,2.10041832924,-2.54178094864,1.0285037756,0.00677399071855,0.00831103784274,-0.000382113604731,-0.128819763934,0.399567306945,0.812831721193,-1.2123994581
627273000000,2.10125684738,-2.54297947884,1.03082168102,0.00519486892803,0.00499956569723,8.77550931492E-05,-0.145539075143,0.437027514271,0.781867644197,-1.21889554833
627373000000,2.10160946846,-2.54245448112,1.03145205975,0.0026732406286,0.00433255718738,-0.000186820712787,-0.145539075586,0.437027513336,0.781867644292,-1.21889551496
627475000000,2.10243272781,-2.54367232323,1.03169715405,0.00301071380153,0.00551655389107,-0.000257390625188,-0.167882800316,0.479451865089,0.737006863322,-1.2164591665
627574000000,2.10332298279,-2.54541325569,1.03154063225,0.00376642564966,0.00588690534851,-2.20412823803E-05,-0.167882800294,0.479451866138,0.737006863312,-1.21645919612
627673000000,2.10475111008,-2.54573512077,1.03080463409,0.00407684163757,0.00433802263194,-0.000213609312014,-0.167882800378,0.479451864328,0.737006863401,-1.2164591381
627773000000,2.10554337502,-2.54425501823,1.02907240391,0.00477067502426,0.00410368463329,-7.93101733848E-05,-0.167882800295,0.479451866522,0.737006863298,-1.21645920782
627869000000,2.10612082481,-2.544952631,1.02905225754,0.00542998815269,0.00341308527914,8.95988423484E-05,-0.176611468378,0.478609858926,0.7373227084,-1.21593293581
627973000000,2.10624575615,-2.54711341858,1.02982079983,0.0051376767416,0.00341314874685,-1.39915507551E-05,-0.176611468375,0.478609857623,0.737322708448,-1.21593289426
628074000000,2.10631871223,-2.54740476608,1.02947986126,0.00327036536436,0.00470462746673,0.000266307058231,-0.194334775555,0.530803981002,0.667286355509,-1.19809088142
628173000000,2.10630965233,-2.54669690132,1.02815258503,0.00300777487442,0.00402979891564,0.000514015819821,-0.194334775571,0.53080397797,0.667286355702,-1.19809078273
628275000000,2.10550284386,-2.54722571373,1.02700531483,0.00310371420071,0.00398452941056,0.000438527172736,-0.210708513951,0.534623741899,0.655218739517,-1.18984293105
628374000000,2.1043150425,-2.54925227165,1.02738785744,0.00424246415721,0.00443535990529,0.000616325932482,-0.210708513871,0.534623741739,0.655218739485,-1.18984292818
628473000000,2.10320925713,-2.55311250687,1.02844572067,0.0033186343086,0.00509136523979,0.000340566896339,-0.22209768007,0.575731514807,0.595796960872,-1.17152878416
628575000000,2.10254073143,-2.55556893349,1.02927947044,0.00234529347412,0.00598091496726,0.000255259731244,-0.222097680241,0.575731515832,0.595796960797,-1.17152881859
628673000000,2.10122656822,-2.55805635452,1.02942609787,0.000505436485471,0.00713831909473,0.000373457268674,-0.244838535861,0.657213626462,0.512796959147,-1.08986309267
628774000000,2.10019087791,-2.55779767036,1.0284255743,-0.00161695914457,0.00762987285371,0.000463435100729,-0.244838536137,0.657213629443,0.432649091647,-1.08986303907
628873000000,2.09979510307,-2.55926680565,1.02882170677,-0.00270824355461,0.00691962508202,0.000561976563716,-0.253073215723,0.740213628627,0.349649089763,-1.00686310266
628973000000,2.09926557541,-2.56100749969,1.03002357483,-0.00261202079221,0.00613821968788,0.000413369910509,-0.253073215555,0.787532211419,0.24964908812,-0.96222969859
629073000000,2.09899187088,-2.56094384193,1.03018498421,-0.00265170396612,0.00637860137202,0.000208516144352,-0.253073215324,0.787532215538,0.17469705285,-0.9622297086
629173000000,2.09883069992,-2.55939364433,1.03040516376,-0.00375742204434,0.00594052943154,0.000516352614706,-0.253073215721,0.787532212667,0.174697052917,-0.962229625174
629274000000,2.09892916679,-2.55826926231,1.03061926365,-0.00411670657409,0.00615057263413,0.000283465660757,-0.253073215592,0.787532215057,0.17469705284,-0.962229696701
629373000000,2.09947347641,-2.55818128586,1.03257036209,-0.00255520207798,0.00528485280681,0.000440428013646,-0.253073215298,0.787532212407,0.17469705292,-0.962229616461
629473000000,2.10049557686,-2.55619239807,1.03326404095,-0.00188130708054,0.00340200600606,0.000657326509049,-0.253073215452,0.787532212006,0.174697052963,-0.962229601649
629574000000,2.10114502907,-2.55365085602,1.03276181221,-0.00325727746857,0.00350963026513,0.000535956914801,-0.253073215586,0.787532213688,0.174697052912,-0.962229652157
629674000000,2.10133981705,-2.55230498314,1.03307771683,-0.00398426461746,0.00335474522985,0.0007539858157,-0.253073215639,0.787532213543,0.174697052889,-0.962229650794
629778000000,2.10087060928,-2.55226826668,1.03564190865,-0.00424101816622,0.00429972084585,0.00019445257431,-0.253073215408,0.787532213275,0.174697052847,-0.962229647637
629873000000,2.10039186478,-2.55065798759,1.03698539734,-0.00550638761005,0.00512406209559,-0.000174098161229,-0.253073215451,0.78753221401,0.174697052839,-0.962229668241
629973000000,2.10032534599,-2.5484521389,1.03685390949,-0.00621539100891,0.00496828430956,0.000238960378639,-0.253073215497,0.787532213053,0.174697052907,-0.962229635118
630073000000,2.10016751289,-2.54690504074,1.03707778454,-0.00617034257137,0.00462488019274,6.46308687116E-05,-0.25307321546,0.787532211783,0.174697052949,-0.962229596731
630173000000,2.09938549995,-2.54309105873,1.03874981403,-0.00435216582959,0.00490916470463,0.000189094354697,-0.253073215396,0.787532214,0.174697052878,-0.962229663461
630273000000,2.09930896759,-2.53918504715,1.03956580162,-0.00238837232977,0.0044142009951,0.000268178220145,-0.25307321541,0.78753221293,0.174697052895,-0.962229633062
630374000000,2.09938383102,-2.53509354591,1.04006123543,-0.00118842568467,0.00399779558378,0.000222520515568,-0.253073215305,0.787532212735,0.17469705289,-0.962229627799
630473000000,2.09874677658,-2.53146648407,1.04289877415,-0.00144472979849,0.0042452796458,0.000164341047848,-0.253073215296,0.787532212452,0.174697052899,-0.962229619325
630574000000,2.09786367416,-2.52824020386,1.04658043385,-0.00264952459833,0.00524184280013,9.31128302372E-05,-0.253073215349,0.787532213627,0.174697052826,-0.962229658227
630673000000,2.09661722183,-2.52475452423,1.05003213882,-0.00364810910883,0.00532953649438,0.000334535861182,-0.253073215468,0.787532214303,0.174697052782,-0.962229681213
630773000000,2.09516811371,-2.52095746994,1.05291855335,-0.00315100173809,0.00474883349166,7.20917617269E-05,-0.253073215481,0.787532213073,0.174697052816,-0.962229644395
630873000000,2.09479808807,-2.51852989197,1.05336976051,-0.00297386467264,0.00406218782411,-1.37109619973E-05,-0.253073215417,0.787532213722,0.174697052789,-0.962229664327
630976000000,2.09508442879,-2.51447534561,1.05287718773,-0.00215307065171,0.00208482687653,-7.76873310429E-05,-0.253073215468,0.787532211969,0.174697052896,-0.962229606028
631073000000,2.09446454048,-2.51095604897,1.0529191494,-0.00142223701401,0.00156334991007,-0.000228367652487,-0.253073215304,0.787532211797,0.174697052904,-0.96222959996
631174000000,2.0923678875,-2.5069873333,1.05337262154,-0.00264092132569,0.00255615258654,2.13227915073E-05,-0.253073215717,0.787532211878,0.174697052911,-0.962229601802
631276000000,2.09075212479,-2.50355792046,1.05176341534,-0.00174257639317,0.00474184290553,0.000339366383126,-0.253073215274,0.787532214445,0.174697052851,-0.962229675778
631373000000,2.09007525444,-2.50158929825,1.04992973804,-0.000773417111048,0.00586988512029,0.000182249765011,-0.253073215367,0.787532214112,0.174697052929,-0.962229659218
631474000000,2.08726215363,-2.49716663361,1.04809594154,-0.000478025129068,0.0060383882726,0.000537785998154,-0.253073215503,0.787532214,0.174697052942,-0.962229654692
631573000000,2.08289790154,-2.49234414101,1.04829156399,0.00030625882282,0.00656718583319,0.000227756884984,-0.253073215508,0.787532211304,0.174697052999,-0.962229577335
631673000000,2.07997274399,-2.48876929283,1.04760229588,0.00150551175695,0.00832157621248,0.000163726188094,-0.253073215335,0.78753221282,0.174697052899,-0.962229629189
631774000000,2.07825040817,-2.48667883873,1.04632222652,0.00149256204538,0.00952903356067,0.000344711564101,-0.253073215143,0.787532214929,0.174697052839,-0.962229692266
631875000000,2.07752394676,-2.48535442352,1.04527521133,0.000417472580498,0.00913711181105,0.000311015467828,-0.253073215693,0.787532213548,0.174697052926,-0.962229646843
631974000000,2.07437539101,-2.47852420807,1.04547262192,-0.000568407114315,0.00825164326519,-0.000136626170073,-0.25307321561,0.787532212908,0.174697052919,-0.962229631212
632074000000,2.07337260246,-2.47518181801,1.04419898987,0.00077241180514,0.00910765391821,-0.000266393765127,-0.253073215461,0.787532213876,0.1746970529,-0.962229659302
632173000000,2.07329750061,-2.47358751297,1.04207861423,0.00177427627086,0.00947737277334,3.80795284627E-05,-0.253073215346,0.787532213468,0.174697052898,-0.962229649607
632273000000,2.07301783562,-2.47076582909,1.04022526741,0.000234926451207,0.00874766013995,0.000111790509641,-0.253073215568,0.78753221201,0.174697052948,-0.962229605519
632374000000,2.07239532471,-2.46716213226,1.03978276253,-0.000469478852972,0.00831514272118,0.000267200199958,-0.253073215511,0.787532212726,0.174697052912,-0.962229628726
632474000000,2.07198524475,-2.46351265907,1.03895998001,0.0013062097049,0.00874259042852,3.44542964399E-05,-0.25307321524,0.78753221451,0.174697052855,-0.962229683113
632574000000,2.07274103165,-2.46177721024,1.03702306747,0.00279891802783,0.00969980800599,-0.000235179259587,-0.253073215408,0.787532213933,0.174697052863,-0.962229667378
632673000000,2.07295274734,-2.45925450325,1.03614652157,0.00199049949334,0.00881770551062,-6.15257826E-05,-0.253073215653,0.787532212948,0.174697052868,-0.962229640638
632773000000,2.07228016853,-2.45491552353,1.03530371189,0.00171373228824,0.00880198536668,-0.00024669016959,-0.25307321566,0.787532212934,0.174697052886,-0.962229638806
632873000000,2.0724799633,-2.45297217369,1.03433454037,0.00286457681161,0.00996542421401,-0.00030023049888,-0.253073215492,0.787532214381,0.174697052854,-0.962229680822
632973000000,2.07352685928,-2.45293831825,1.03267085552,0.00248315448961,0.00977030294113,0.000119606517437,-0.253073215599,0.787532213199,0.174697052895,-0.96222964556
633073000000,2.07429218292,-2.45301318169,1.03182935715,0.00223712403524,0.00897764050049,0.000121648161327,-0.253073215426,0.787532212829,0.174697052866,-0.962229638727
633174000000,2.07360196114,-2.44716525078,1.03233671188,0.00180263475464,0.00896173215753,0.000127775723985,-0.253073215628,0.787532211775,0.174697052907,-0.962229606158
633274000000,2.073574543,-2.44567465782,1.03131401539,0.00271756037891,0.0101702988241,-9.36175837438E-06,-0.253073215592,0.787532212886,0.174697052903,-0.962229636735
633373000000,2.0738286972,-2.44573330879,1.02997016907,0.00410276973575,0.0111881267847,-0.000366239481042,-0.25307321533,0.78753221427,0.174697052883,-0.962229675168
633473000000,2.07411551476,-2.4465777874,1.02855265141,0.00315846027461,0.0128338983455,-0.00022604358907,-0.253073215684,0.787532214487,0.174697052876,-0.962229683481
633573000000,2.07377433777,-2.44078731537,1.02631008625,0.00167423746133,0.0132569629688,-0.000432886984324,-0.253073215668,0.787532214639,0.174697052853,-0.962229690816
633675000000,2.07434248924,-2.43658924103,1.02491247654,0.00365687228326,0.0122892540286,-0.00040288432053,-0.253073215579,0.787532209541,0.174697053005,-0.962229537812
633773000000,2.07498884201,-2.43285036087,1.02375936508,0.00446956334515,0.0126831085951,-0.000435955765888,-0.253073215627,0.787532214059,0.174697052857,-0.962229675027
633873000000,2.0764029026,-2.42986345291,1.02247369289,0.00579637480408,0.0123807617266,-0.00048961684773,-0.253073215623,0.787532211876,0.174697052963,-0.96222960556
633974000000,2.07845163345,-2.42927789688,1.02107203007,0.00791361478067,0.0120103489069,-0.000279797428299,-0.253073215574,0.787532213241,0.174697052964,-0.962229642323
634073000000,2.08061408997,-2.42785739899,1.0202050209,0.00839420513045,0.0114598153641,-0.000570463900478,-0.253073215513,0.787532214541,0.174697052889,-0.962229684372
634174000000,2.08368182182,-2.42433786392,1.01918041706,0.00716899540925,0.010060419995,-0.000638468988623,-0.253073215927,0.787532212953,0.174697052908,-0.962229640308
634273000000,2.08596324921,-2.42348265648,1.01896631718,0.00823267611765,0.00914181310128,-0.000521667991061,-0.253073215739,0.787532212223,0.174697052911,-0.962229619972
634373000000,2.08839845657,-2.42440462112,1.01813423634,0.0106784699146,0.00905181587474,-0.000664474407768,-0.253073215537,0.787532212898,0.174697052959,-0.962229632129
634473000000,2.09071874619,-2.42425560951,1.01740920544,0.0108298282827,0.00917092090347,-5.84066532135E-05,-0.253073215644,0.787532214601,0.174697052921,-0.962229682088
634573000000,2.09293913841,-2.42256760597,1.01666557789,0.0107002558252,0.00954106198749,-0.000389820556845,-0.253073215714,0.787532214228,0.174697052907,-0.962229672651
634674000000,2.09526753426,-2.42376565933,1.01555550098,0.0101180025512,0.00907140600164,-0.000378872772107,-0.253073215807,0.787532214523,0.17469705285,-0.962229686039
634773000000,2.09630322456,-2.42504072189,1.01465058327,0.0101342668369,0.00847352488097,-0.000412258796236,-0.253073215763,0.787532211226,0.174697052985,-0.962229582425
634873000000,2.09873342514,-2.42773127556,1.01326334476,0.0106644810274,0.00842552978466,-0.000711541442868,-0.253073215504,0.78753221334,0.174697052884,-0.962229649841
634974000000,2.10120844841,-2.42885684967,1.0129417181,0.0086037360408,0.00878368720198,-0.000372478414809,-0.253073215661,0.787532214018,0.174697052868,-0.962229669424
635074000000,2.10379433632,-2.42996025085,1.01260924339,0.00701027757952,0.00834591225155,-0.000355046781363,-0.253073215553,0.787532211732,0.17469705295,-0.962229599328
635175000000,2.10658740997,-2.4302380085,1.01173996925,0.00578221506029,0.00747254131013,-0.000205822846832,-0.253073215987,0.787532215608,0.17469705288,-0.962229709974
635273000000,2.1089425087,-2.43240618706,1.01097917557,0.006543196902,0.00604311936553,-0.000645313025006,-0.253073215766,0.787532211795,0.174697052969,-0.962229597971
635373000000,2.1103720665,-2.43497776985,1.0107229948,0.00703308539489,0.0053566384615,-0.000178159320063,-0.253073215616,0.787532214119,0.174697052884,-0.96222966789
635473000000,2.11198687553,-2.43861198425,1.00979244709,0.00548790201202,0.00385678219655,-0.00020647462835,-0.253073215868,0.787532212524,0.174697052941,-0.962229619706
635573000000,2.11206364632,-2.43934345245,1.00780415535,0.00489913424472,0.0045423885464,-0.000140518273489,-0.25307321603,0.787532213463,0.174697052964,-0.962229641012
635673000000,2.11193442345,-2.44048881531,1.00666713715,0.00616768103614,0.00510315103749,-0.000268756108624,-0.171073215553,0.705532215667,0.256697054721,-0.880229636825
635773000000,2.11164236069,-2.44353199005,1.00524389744,0.00740379721311,0.00677603865774,-0.000273319019598,-0.0710732154253,0.605532222551,0.275209739325,-0.878692414215
635876000000,2.11172580719,-2.44772076607,1.00412225723,0.00564089260484,0.00825400772475,0.000182850134306,0.0289267840516,0.521482321429,0.357209740941,-0.960692422175
635973000000,2.11224079132,-2.44957137108,1.00364351273,0.00539432560227,0.0101395104375,-0.00017664589169,0.128926784191,0.46996124027,0.457209742315,-1.04094668538
636074000000,2.11235952377,-2.45194077492,1.0031222105,0.00551449388128,0.0106208317561,-6.1754215811E-05,0.228926783788,0.415556893551,0.557209743491,-1.11982158023
636178000000,2.11282038689,-2.45721817017,1.00216925144,0.00648868308647,0.00890920912246,-6.85401757768E-05,0.328926784437,0.415556886288,0.6572097447,-1.11982151498
636273000000,2.11294221878,-2.45943903923,1.00168693066,0.00621431372819,0.00722794855254,0.000107849024615,0.44892678437,0.382791492701,0.777209746316,-1.18286982835
636373000000,2.11293673515,-2.4595053196,1.00120151043,0.00601443519992,0.00816232294865,0.000186307764275,0.508856713464,0.382791497158,0.80007799625,-1.18287000639
636473000000,2.11283349991,-2.46036314964,1.0009521246,0.00592518717723,0.00846643932114,5.18885951825E-05,0.495523840174,0.329337156154,0.882077997277,-1.22150975838
636574000000,2.11244654655,-2.46381831169,1.00059986115,0.0048640553196,0.00765347285864,0.000426430686683,0.495523840055,0.329337155258,0.892172180382,-1.22150974856
636675000000,2.1126499176,-2.46572160721,1.00068736076,0.00286435832184,0.00724061916488,0.000677812459447,0.475005864947,0.277878377039,0.975172181271,-1.26063861169
636773000000,2.11329817772,-2.46661281586,1.00007140636,0.000702773063813,0.00787941109661,0.000430815447155,0.475005864852,0.277878377539,0.982759856924,-1.26063863868
636874000000,2.11299967766,-2.46861696243,0.999520838261,-0.00120097740201,0.00903783222006,0.000496041268355,0.462052285222,0.251299859009,1.03599836873,-1.28729866581
636974000000,2.11242628098,-2.47035193443,0.999604523182,-0.000694704461224,0.00982766007912,0.000475886090911,0.46205228558,0.251299860523,1.03599836864,-1.28729871548
637074000000,2.11189055443,-2.47141098976,0.999924778938,0.00125017163849,0.0105914120336,0.000386706284564,0.452733218421,0.242363722446,1.07018091742,-1.31254511037
637173000000,2.11242318153,-2.46914696693,0.999434351921,0.00128905116822,0.00993008451306,0.000415651270179,0.452733218235,0.24236372095,1.07018091753,-1.31254505923
637274000000,2.11276388168,-2.46714687347,0.999158859253,0.00334234231457,0.010006816618,-1.02510979783E-05,0.424381226141,0.179020495147,1.15218091809,-1.36941950667
637373000000,2.11405777931,-2.46422195435,0.99830186367,0.00456390619094,0.00966718282973,0.000152127302792,0.424381226117,0.179020493375,1.19039859945,-1.36941952346
637473000000,2.1145067215,-2.46329641342,0.99801671505,0.00510648992443,0.00868064059448,8.49635859363E-05,0.424381226243,0.179020493212,1.19039859934,-1.36941952225
637573000000,2.11473488808,-2.46364426613,0.998114526272,0.00471183490998,0.00779096456959,-9.49369090165E-05,0.424381226147,0.17902049356,1.19039859926,-1.36941953834
637673000000,2.11516022682,-2.46374177933,0.997348964214,0.00280616925281,0.00763428967326,0.000217148576964,0.418905496368,0.139815357603,1.2489849589,-1.38880077414
637774000000,2.11580610275,-2.46297550201,0.996765196323,0.00223876126047,0.00729230853126,0.000231121346904,0.418905496335,0.139815356689,1.24898495899,-1.38880074022
637873000000,2.11605215073,-2.46279287338,0.995959639549,0.00307611572204,0.00725476133811,0.000550895047027,0.422446817118,0.0921473934809,1.30915787466,-1.40130576117
637973000000,2.11526608467,-2.46440148354,0.995096623898,0.00344672768307,0.00829738507548,0.000195954259131,0.422446816926,0.0921473923756,1.30915787473,-1.40130572248
638074000000,2.11555933952,-2.46445536613,0.993060171604,0.00272977056585,0.00979120518412,0.000335622935932,0.434349953889,0.0533594259885,1.35680308598,-1.41016305714
638174000000,2.11730480194,-2.46262717247,0.989556610584,0.0020555523725,0.00911330121288,4.40115874203E-05,0.434349953946,0.0533594250028,1.35680308619,-1.41016301481
638274000000,2.11867523193,-2.46079158783,0.986704826355,0.00263706114094,0.00835550913431,-9.63741299562E-05,0.453939646197,0.0154513588312,1.41675951805,-1.43221133578
638373000000,2.1209871769,-2.45733880997,0.983430445194,0.00472459844661,0.00810645222675,-0.000144971629644,0.45393964631,0.0154513595373,1.41675951791,-1.43221136558
638477000000,2.12237548828,-2.45601773262,0.981407940388,0.00558617335116,0.00639145148776,-0.000399321267548,0.465181082299,-0.0288966611135,1.47626200071,-1.44736578341
638574000000,2.12288856506,-2.45609116554,0.979953467846,0.00624563365502,0.00548865855079,7.89279836282E-05,0.465181082411,-0.0288966600831,1.47626200056,-1.44736582371
638674000000,2.12334775925,-2.45598006248,0.978388786316,0.00608335635868,0.00541952337303,0.000222668626126,0.472731709235,-0.0816615930475,1.52481189093,-1.44315071676
638773000000,2.12403106689,-2.45548629761,0.975661933422,0.00418907417986,0.00548718342736,0.000171314949838,0.47273170916,-0.0816615942624,1.52481189109,-1.44315066845
638873000000,2.12384867668,-2.45624017715,0.974594473839,0.00359711445462,0.00570760386094,9.80157230433E-05,0.472731709203,-0.0816615919862,1.52481189072,-1.44315076392
638973000000,2.1235306263,-2.45739388466,0.973983645439,0.00350265990333,0.00613198226616,0.000334934752536,0.472731709089,-0.0816615941552,1.524811891,-1.44315067499
639074000000,2.12249612808,-2.45921945572,0.971955299377,0.00377590418726,0.0066713440853,-0.000148491192252,0.47273170922,-0.0816615938121,1.52481189091,-1.44315068931
639173000000,2.12276053429,-2.45834040642,0.969612538815,0.00436658661323,0.00735219443293,-0.000142168624046,0.472731709322,-0.0816615908989,1.52481189053,-1.44315080723
639274000000,2.12243509293,-2.45850610733,0.968025922775,0.00454463116679,0.0074700242681,2.15262637747E-05,0.472731709155,-0.0816615937311,1.52481189091,-1.44315069367
639373000000,2.12187194824,-2.459379673,0.968061327934,0.00455387219455,0.00726195612302,0.000216060119706,0.472731709239,-0.0816615935729,1.52481189087,-1.44315070098
639475000000,2.12083172798,-2.45996999741,0.967063486576,0.00433714387803,0.00697268865572,-0.000426919011744,0.472731709166,-0.0816615938105,1.52481189095,-1.44315068898
639573000000,2.12076020241,-2.4586417675,0.965064764023,0.00295042039926,0.00729563675504,-0.000596072343766,0.472731709099,-0.0816615930629,1.52481189088,-1.44315071848
639674000000,2.12015151978,-2.45817065239,0.96293514967,0.00278234947287,0.00698219075658,-0.000262809950498,0.472731709185,-0.0816615927433,1.5248118909,-1.44315072745
639774000000,2.11921024323,-2.45901608467,0.963154613972,0.00481556402515,0.00580700055924,-0.000250533439382,0.472731709442,-0.0816615947798,1.524811891,-1.44315065222
639873000000,2.11823916435,-2.45833659172,0.962310612202,0.00531267442304,0.00774706791789,-2.95763261845E-05,0.472731709242,-0.0816615925832,1.52481189072,-1.44315074362
639974000000,2.1183359623,-2.45513176918,0.959338724613,0.00612804784103,0.00907489419617,0.000126093889519,0.472731709014,-0.0816615929095,1.52481189086,-1.44315072687
640075000000,2.11764717102,-2.45321321487,0.957577168941,0.0092244611095,0.00944076414425,8.58599699233E-05,0.472731709216,-0.0816615916251,1.52481189074,-1.44315077687
640174000000,2.11644625664,-2.45306611061,0.957246482372,0.00965473645751,0.00962673277326,-3.08266062322E-05,0.47273170918,-0.0816615935718,1.52481189091,-1.4431507023
640273000000,2.11593270302,-2.45286631584,0.955776393414,0.0091502992257,0.00917343266488,-6.88781212465E-05,0.472731709128,-0.0816615939674,1.52481189096,-1.44315068774
640373000000,2.1171605587,-2.45105361938,0.95067858696,0.00858219407329,0.00838899316656,0.00028938982154,0.472731709054,-0.0816615941034,1.52481189111,-1.44315067719
640479000000,2.1176378727,-2.45109176636,0.948197007179,0.0090662102099,0.00771746376116,8.29484490767E-05,0.472731709228,-0.0816615927654,1.52481189096,-1.44315073142
640573000000,2.11743116379,-2.45234894753,0.947702288628,0.00903354621161,0.00712899323603,0.000128381103251,0.472731709087,-0.0816615943786,1.52481189106,-1.44315067155
640673000000,2.11665797234,-2.45380187035,0.948381483555,0.00913104467366,0.00786878934554,0.000107492212458,0.472731709145,-0.0816615937067,1.52481189088,-1.44315070387
640773000000,2.11750435829,-2.45321154594,0.943008542061,0.00899961125098,0.00952374985421,0.000148899379365,0.472731709106,-0.0816615932077,1.52481189094,-1.44315071799
640874000000,2.11705374718,-2.45449900627,0.940809309483,0.00876264310303,0.00990861079893,9.15461936374E-05,0.47273170912,-0.0816615926428,1.52481189089,-1.44315073985
640973000000,2.11645936966,-2.45619940758,0.940561890602,0.00832123005601,0.0100904912379,-0.000122983030738,0.472731709009,-0.0816615938255,1.52481189091,-1.44315070082
641073000000,2.11641979218,-2.4586725235,0.938014566898,0.00765867990238,0.00872977336035,-0.000428507601455,0.472731709196,-0.0816615943735,1.5248118911,-1.4431506726
641173000000,2.11712026596,-2.45936965942,0.934167981148,0.00735517441963,0.00859740033175,-0.000629507986785,0.472731709333,-0.0816615925581,1.52481189106,-1.44315073475
641273000000,2.11773848534,-2.46205663681,0.931168496609,0.00590864612139,0.0077683060339,-0.000161823714782,0.472731708998,-0.0816615945223,1.52481189116,-1.44315066343
641374000000,2.11747646332,-2.46463012695,0.93107521534,0.00578955922149,0.00741073790193,-0.000359306208755,0.472731709015,-0.0816615946232,1.5248118911,-1.44315066394
641474000000,2.11710786819,-2.46651887894,0.931133151054,0.00642105314272,0.00795453697501,-0.000261316715004,0.472731709117,-0.0816615930264,1.52481189091,-1.44315072762
641573000000,2.11806678772,-2.46809387207,0.926294326782,0.00734750321225,0.00806817282899,-0.00031807591891,0.472731709134,-0.0816615919016,1.52481189081,-1.44315077022
641673000000,2.11850357056,-2.4703772068,0.924331665039,0.00676883883372,0.00726331025379,-0.000186576013488,0.472731709082,-0.0816615936951,1.52481189101,-1.44315069811
641773000000,2.11858010292,-2.47359585762,0.923788607121,0.00598683092376,0.00538775214287,-5.02118069515E-05,0.472731709152,-0.0816615959779,1.52481189131,-1.44315060432
641873000000,2.1190905571,-2.47610712051,0.922022819519,0.00618525766185,0.00488457591196,-0.00027250606913,0.472731709176,-0.081661593572,1.52481189093,-1.44315070495
641973000000,2.12083745003,-2.47825145721,0.9167958498,0.00584257436584,0.00500100845624,-2.23114567728E-05,0.472731709006,-0.0816615942842,1.52481189115,-1.44315067042
642074000000,2.12144184113,-2.47973203659,0.915328800678,0.00639558463358,0.00443029171086,6.41214581832E-06,0.472731709102,-0.0816615931312,1.52481189097,-1.44315071807
642173000000,2.12162661552,-2.48170495033,0.915145576,0.00738256978249,0.00491196497634,-0.000469765106812,0.472731709284,-0.0816615932381,1.52481189086,-1.4431507181
642273000000,2.12153315544,-2.48449659348,0.913999795914,0.00665984968149,0.00479218453704,-0.000153726933933,0.472731709176,-0.0816615935106,1.52481189086,-1.44315070772
642373000000,2.12175035477,-2.48651242256,0.91002869606,0.00641678855646,0.00512570577654,-0.000135115956821,0.472731709225,-0.0816615946815,1.52481189112,-1.44315065454
642473000000,2.1209435463,-2.48922491074,0.907479643822,0.00418988447773,0.00707895218359,-0.000201975139572,0.472731708909,-0.081661592561,1.52481189077,-1.44315074661
642573000000,2.11970281601,-2.49161887169,0.907620310783,0.00401585769467,0.00884530619534,-0.000240433747923,0.472731709176,-0.0816615921212,1.52481189078,-1.44315075944
642673000000,2.1181447506,-2.4943087101,0.905759096146,0.00375938837308,0.00778556609137,-7.74992960537E-05,0.472731709228,-0.081661595599,1.5248118912,-1.44315062073
642773000000,2.11796355247,-2.49535131454,0.901794612408,0.00351809567434,0.00817120045849,-5.01411456129E-06,0.472731709221,-0.0816615928629,1.524811891,-1.44315072255
642873000000,2.11736655235,-2.49662184715,0.898826062679,0.0040842709205,0.00841730713489,-7.94122220351E-05,0.472731709134,-0.0816615948388,1.52481189119,-1.44315064627
642973000000,2.11630582809,-2.49739789963,0.897993981838,0.00456258287643,0.00803936257955,-4.48806856808E-05,0.472731709204,-0.0816615922138,1.52481189091,-1.44315074986
643073000000,2.11546993256,-2.4982881546,0.894622981548,0.00667551238702,0.00851201341969,-2.74762321508E-05,0.472731709283,-0.0816615945569,1.52481189108,-1.44315066217
643173000000,2.11570620537,-2.49897837639,0.888423919678,0.00686763581705,0.00929518604855,-0.000316473320679,0.47273170913,-0.081661591446,1.52481189086,-1.44315078053
643273000000,2.11554574966,-2.49985384941,0.884241223335,0.00636316464849,0.00914037895533,7.61177780216E-05,0.472731709181,-0.0816615936581,1.52481189122,-1.44315068676
643373000000,2.11487698555,-2.50043463707,0.884832859039,0.00605738029489,0.00842828982881,-0.000134717567374,0.47273170917,-0.0816615935914,1.52481189096,-1.4431507016
643473000000,2.11464929581,-2.50093865395,0.88269919157,0.00590705136547,0.00861713751884,-4.18161214552E-05,0.472731709105,-0.0816615935282,1.52481189101,-1.44315070215
643574000000,2.11508750916,-2.50124311447,0.877719938755,0.00554648588306,0.00926645067612,-0.000240167809359,0.472731709218,-0.081661592888,1.52481189099,-1.44315072484
643673000000,2.11473488808,-2.50138258934,0.876508355141,0.00569644324019,0.0100948958604,-0.000304128559466,0.472731709118,-0.081661592657,1.52481189098,-1.4431507359
643774000000,2.11372756958,-2.50152516365,0.878208696842,0.00638639101543,0.0101123238079,-0.00051950538502,0.472731709148,-0.0816615928391,1.52481189089,-1.4431507323
643874000000,2.1142551899,-2.50203061104,0.876709699631,0.00652787200008,0.0108349297139,0.000154980131267,0.472731709274,-0.0816615923878,1.52481189083,-1.44315074975
643973000000,2.11603307724,-2.50299739838,0.872685015202,0.00650080929861,0.0113053420155,-0.000163370033333,0.472731709158,-0.0816615926305,1.52481189106,-1.44315073133
644073000000,2.11791682243,-2.5044670105,0.869568824768,0.00522322114246,0.0105118830586,-0.000171483288485,0.472731709212,-0.0816615932111,1.52481189112,-1.44315071012
644173000000,2.11839008331,-2.50530052185,0.870387196541,0.00478616637196,0.00932789333242,-0.00041879233002,0.472731709183,-0.0816615925947,1.52481189104,-1.44315073552
644273000000,2.11844468117,-2.50569748878,0.871631443501,0.00501602598692,0.00869563144149,-0.000319079054972,0.472731709232,-0.0816615939639,1.52481189113,-1.44315068335
644373000000,2.1218149662,-2.50763368607,0.860305190086,0.00455029310304,0.00757094378109,0.000307535428308,0.472731709212,-0.0816615929076,1.52481189121,-1.44315071506
644474000000,2.12255978584,-2.50837683678,0.857668757439,0.00460947878577,0.00797222831133,0.000520685490956,0.472731709214,-0.081661592,1.52481189119,-1.44315074598
644573000000,2.12285423279,-2.50892519951,0.856575369835,0.00463988814602,0.0080542966309,0.000376937732304,0.472731709238,-0.0816615934427,1.52481189115,-1.44315069885
644673000000,2.12358093262,-2.50938296318,0.855142772198,0.0054660700722,0.00767631112762,0.00029932064662,0.472731709364,-0.0816615929417,1.52481189101,-1.44315072253
644773000000,2.1258957386,-2.51051831245,0.848666191101,0.00441586963136,0.0071169091206,0.000385260572798,0.472731709235,-0.0816615933639,1.5248118912,-1.4431506986
644874000000,2.12671208382,-2.51151108742,0.847496330738,0.00280393803942,0.00694778138109,0.000439810071681,0.47273170924,-0.0816615918384,1.52481189106,-1.44315075523
644974000000,2.12628364563,-2.51198649406,0.848947286606,0.00215137202003,0.00754090909942,0.000469370339997,0.472731709254,-0.0816615954731,1.52481189141,-1.44315061313
645074000000,2.12572741508,-2.51221179962,0.850295126438,0.00342076049101,0.00922922186805,0.000489606207814,0.472731709405,-0.0816615927948,1.52481189087,-1.44315073156
645173000000,2.12660694122,-2.51255083084,0.846598565578,0.00358958183627,0.0100192305808,0.00049450159026,0.47273170918,-0.0816615935645,1.52481189109,-1.44315069533
645273000000,2.12627482414,-2.51255393028,0.846568226814,0.00397151252256,0.00985597026896,0.000137500287902,0.472731709252,-0.0816615923234,1.52481189094,-1.44315074519
645373000000,2.12527608871,-2.51214957237,0.849338471889,0.0036425544463,0.00948254440435,0.000313145185977,0.472731709239,-0.0816615933293,1.52481189104,-1.44315070512
645473000000,2.12493872643,-2.51218795776,0.851845920086,0.00401400492713,0.00909505839685,2.95494495545E-05,0.472731709107,-0.081661592911,1.52481189088,-1.44315072711
645574000000,2.12849378586,-2.51323580742,0.847602725029,0.00295978751068,0.00869422175247,-0.000113828143309,0.472731709281,-0.0816615927095,1.52481189107,-1.44315072412
645674000000,2.13077044487,-2.51401162148,0.847118616104,0.00204435009677,0.00743805544538,-0.000114455148248,0.47273170931,-0.0816615940895,1.52481189119,-1.44315067126
645777000000,2.13069677353,-2.51406669617,0.85000538826,0.00201349675905,0.0076017376783,-0.000139609150238,0.472731709152,-0.0816615936925,1.52481189101,-1.44315069333
645873000000,2.13161253929,-2.51402640343,0.849869310856,0.0026579239275,0.00855843487085,-0.000134455638068,0.472731709313,-0.0816615926661,1.52481189092,-1.44315072997
645975000000,2.13379573822,-2.51429796219,0.846687197685,0.00254289954993,0.00888563701066,5.3697900466E-05,0.472731709407,-0.0816615904427,1.52481189074,-1.44315081445
646075000000,2.13490343094,-2.5146241188,0.847418427467,0.000983085999543,0.00725238478168,1.54181264801E-06,0.472731709268,-0.0816615934433,1.52481189106,-1.44315069433
646178000000,2.13497543335,-2.51470518112,0.850104033947,7.95670665038E-05,0.00581203723806,7.45785793896E-05,0.472731709225,-0.0816615941125,1.524811891,-1.44315067544
646274000000,2.1343319416,-2.51458144188,0.855303943157,0.000185745695601,0.00501761034315,-3.95736325904E-05,0.472731709231,-0.0816615945042,1.524811891,-1.44315066042
646374000000,2.1355175972,-2.51474308968,0.851592183113,-0.000366911218942,0.00613108399951,-0.000213461604297,0.47273170917,-0.0816615917768,1.52481189078,-1.44315076504
646474000000,2.1350684166,-2.51427054405,0.85160535574,0.000844386843609,0.00697546789807,-0.000358508590486,0.472731709193,-0.0816615927032,1.52481189087,-1.44315072634
646573000000,2.13405990601,-2.51393079758,0.85343760252,0.00120048217518,0.00693250492484,-0.000225034774344,0.472731709339,-0.0816615932091,1.52481189098,-1.44315070315
646673000000,2.13273406029,-2.51136445999,0.854964613914,0.00134760379433,0.00739938303818,0.000164217658652,0.472731709148,-0.0816615926198,1.52481189085,-1.4431507304
646773000000,2.13265919685,-2.50752615929,0.853927493095,0.00335233472777,0.00714743617684,-8.02376597306E-05,0.472731709346,-0.0816615930553,1.52481189097,-1.44315071064
646876000000,2.13211631775,-2.50506567955,0.855480134487,0.00421646879627,0.00720890315618,-6.56402092937E-05,0.472731709405,-0.0816615925573,1.52481189085,-1.44315073201
646973000000,2.1303691864,-2.50143265724,0.860020577908,0.00559769119146,0.00622622181788,9.35442090703E-05,0.472731709337,-0.0816615941866,1.52481189096,-1.44315067075
647073000000,2.12944722176,-2.49885821342,0.861959815025,0.00591755173471,0.00661268248581,0.000150474972834,0.472731709251,-0.0816615953617,1.52481189109,-1.44315062584
647175000000,2.12990498543,-2.49694561958,0.860231161118,0.00679771393093,0.00726784936075,0.000292591253273,0.472731709201,-0.0816615916862,1.52481189078,-1.44315076724
647274000000,2.1296274662,-2.49424600601,0.859834909439,0.00771224075382,0.00735106810445,0.000378507850254,0.472731709254,-0.0816615939478,1.52481189106,-1.44315067669
647373000000,2.12854361534,-2.49256014824,0.863229811192,0.00791673658048,0.00712185586287,-3.41938842842E-06,0.472731709244,-0.0816615933209,1.52481189089,-1.44315070652
647473000000,2.12806224823,-2.49098205566,0.864615380764,0.00807849571012,0.00594938753542,-0.000320818581281,0.472731709315,-0.0816615940884,1.52481189094,-1.44315067741
647574000000,2.12812972069,-2.48972773552,0.864297747612,0.00745306246072,0.00543775937284,-0.000504469732357,0.472731709199,-0.0816615936621,1.52481189101,-1.44315068914
647673000000,2.12721705437,-2.48890781403,0.864481687546,0.0058897705237,0.00650645237364,-0.000369268211555,0.472731709164,-0.0816615936312,1.52481189094,-1.44315069386
647773000000,2.12635970116,-2.48833394051,0.862786710262,0.00569813344606,0.0073535728527,-0.00011071720665,0.472731709047,-0.0816615922356,1.52481189085,-1.44315074564
647873000000,2.12431097031,-2.48776435852,0.863216996193,0.00703696357672,0.00741517191212,-9.12479767839E-05,0.472731709169,-0.0816615945914,1.52481189118,-1.4431506492
647974000000,2.12224721909,-2.48747134209,0.866402328014,0.00759010706415,0.00784089561335,-0.000206016067405,0.472731709153,-0.0816615930966,1.52481189094,-1.44315071221
648074000000,2.1210372448,-2.4874162674,0.869059324265,0.00826649244976,0.00761616581711,-0.000233712333977,0.472731709356,-0.0816615935886,1.5248118909,-1.4431506959
648173000000,2.11900138855,-2.48737573624,0.868201673031,0.00767155410336,0.00718654522304,-0.000128379245432,0.472731709185,-0.0816615944445,1.52481189108,-1.44315065909
648274000000,2.11676645279,-2.48779439926,0.87052667141,0.00717941075784,0.00919605645435,-0.000526033804951,0.472731709205,-0.0816615931491,1.52481189091,-1.44315071071
648373000000,2.11492967606,-2.488291502,0.873270392418,0.00664952234714,0.0102247390405,-0.000395657723521,0.472731709178,-0.081661593007,1.52481189081,-1.44315072319
648473000000,2.11243319511,-2.48921513557,0.878116190434,0.00632235726532,0.0112978456066,-0.000482280608946,0.472731709187,-0.0816615913925,1.52481189049,-1.44315079386
648573000000,2.11203312874,-2.48911166191,0.875613987446,0.00511997686127,0.0110457644375,-0.000538945398334,0.472731709133,-0.081661593851,1.52481189098,-1.44315068636
648674000000,2.11184811592,-2.48945426941,0.877112746239,0.00559697852371,0.00943057601402,-0.000465553765404,0.472731709216,-0.0816615918185,1.52481189079,-1.44315076316
648773000000,2.11186528206,-2.48991155624,0.879012584686,0.00576506624752,0.00783093104892,-0.000599606040915,0.472731709302,-0.0816615934179,1.52481189104,-1.44315069493
648873000000,2.1116373539,-2.49105429649,0.880076169968,0.00346497462658,0.00583123359554,-0.00031653736021,0.472731709172,-0.081661595722,1.52481189126,-1.44315060832
648973000000,2.11113834381,-2.49114322662,0.879305422306,0.00252527355592,0.00601375345242,-0.000171531839251,0.472731709098,-0.0816615927698,1.52481189099,-1.4431507224
649073000000,2.11010336876,-2.49154496193,0.879662454128,0.00340892306236,0.00770755825092,-0.000411116636595,0.47273170922,-0.0816615930142,1.52481189094,-1.44315071381
649173000000,2.10849928856,-2.49223089218,0.883489012718,0.00382670554999,0.00942984298739,0.000142799054504,0.472731709239,-0.0816615923296,1.52481189077,-1.4431507442
649274000000,2.10768461227,-2.49244213104,0.885716855526,0.004309237951,0.00874763848549,-1.07394613441E-05,0.472731709295,-0.0816615939553,1.52481189098,-1.44315067879
649373000000,2.10742616653,-2.49209046364,0.885068356991,0.00422779607621,0.00716965321305,0.000158793700286,0.472731709269,-0.0816615938143,1.52481189094,-1.44315068691
649473000000,2.10704398155,-2.49210453033,0.886081516743,0.00427934930143,0.00623720548317,6.97385400287E-05,0.472731709268,-0.0816615920334,1.52481189075,-1.44315075707
649578000000,2.10639071465,-2.49252486229,0.89019370079,0.00404182115844,0.00748183397348,0.000119898216262,0.472731709205,-0.0816615923319,1.52481189074,-1.44315074493
649673000000,2.10551285744,-2.49250936508,0.892778933048,0.00357909765203,0.00754249611155,3.59200619266E-05,0.47273170918,-0.0816615927519,1.52481189073,-1.44315073204
649773000000,2.10426616669,-2.49180340767,0.893712997437,0.00345197154204,0.00765207073488,-0.000149649409997,0.47273170916,-0.0816615941075,1.52481189095,-1.44315067417
649873000000,2.10318398476,-2.49170637131,0.895473480225,0.00372524300799,0.0081394481323,-0.000350593194649,0.472731709246,-0.081661591806,1.52481189062,-1.44315076903
649974000000,2.1027340889,-2.49232602119,0.897971332073,0.00301407423206,0.00777462923623,-2.84917188569E-05,0.472731709276,-0.0816615924022,1.52481189079,-1.44315073932
650073000000,2.10148215294,-2.49240875244,0.899132192135,0.00155375942,0.00592399225287,-3.38358609317E-05,0.472731709098,-0.0816615954766,1.52481189111,-1.44315061872
650173000000,2.09839320183,-2.49083733559,0.898985505104,0.00321873247181,0.00583802912988,0.000252415635011,0.472731709262,-0.0816615938774,1.52481189102,-1.44315067721
650273000000,2.09656333923,-2.48999190331,0.900111734867,0.00465388872695,0.0070470644321,0.000496960863652,0.472731709288,-0.0816615919758,1.52481189067,-1.44315075889
650374000000,2.09430956841,-2.48910927773,0.903645277023,0.00632906255039,0.00809294010064,0.000155677479712,0.472731709276,-0.0816615931539,1.52481189078,-1.44315071257
650473000000,2.09264397621,-2.48867607117,0.905661761761,0.00526664791593,0.00769085719355,-0.000242662226677,0.472731709363,-0.0816615928867,1.52481189078,-1.44315072346
650573000000,2.09055185318,-2.4878385067,0.90500575304,0.00419347751688,0.00762562148734,-0.000121073810444,0.472731709269,-0.0816615936632,1.52481189099,-1.44315068687
650674000000,2.08792090416,-2.48736023903,0.906321525574,0.00341607257371,0.00942429981147,0.000309358626642,0.472731709145,-0.0816615933082,1.52481189089,-1.44315070582
650773000000,2.08732032776,-2.48764061928,0.908250510693,0.00376581845188,0.00922462199181,-8.59351128664E-06,0.472731709284,-0.0816615923918,1.52481189079,-1.44315073949
650873000000,2.08681082726,-2.48828458786,0.911189675331,0.00286681364317,0.00763381140617,1.67003454933E-06,0.472731709233,-0.0816615929041,1.52481189083,-1.44315071978
650973000000,2.08439540863,-2.48720908165,0.910907387733,0.00152645015071,0.00740696164151,-7.56907925711E-05,0.472731709103,-0.0816615926307,1.5248118909,-1.443150727
651073000000,2.08393216133,-2.48720812798,0.912303447723,0.00162626692082,0.00707333117465,-8.79836214217E-05,0.472731709194,-0.0816615941666,1.52481189102,-1.44315066785
651173000000,2.08384442329,-2.48734331131,0.914593160152,0.00246051503679,0.0068524218488,-0.00025077455576,0.472731709222,-0.0816615949765,1.52481189098,-1.44315064287
651273000000,2.08318901062,-2.48582601547,0.916929483414,0.00400134718627,0.00663838958369,-0.000326003346891,0.472731709263,-0.0816615929491,1.52481189086,-1.44315071525
651373000000,2.08129525185,-2.4826540947,0.917766988277,0.00521252016179,0.00663127813572,-0.000433270879484,0.472731709337,-0.0816615941051,1.52481189099,-1.44315066842
651473000000,2.07900810242,-2.47967886925,0.918745100498,0.00623955863187,0.00767714759391,-0.000101479354626,0.47273170933,-0.0816615928964,1.52481189088,-1.44315071699
651573000000,2.07525849342,-2.47635388374,0.919782817364,0.00670350738106,0.00977080215649,6.9670992638E-05,0.472731709256,-0.0816615917274,1.52481189078,-1.44315076297
651673000000,2.07280302048,-2.47446346283,0.921907186508,0.0067809109889,0.0113008137837,3.18247050934E-05,0.472731709138,-0.0816615930781,1.52481189099,-1.44315070809
651773000000,2.07143688202,-2.47352433205,0.923964738846,0.00762425457291,0.0124183252506,0.000252601670821,0.472731709246,-0.0816615914905,1.52481189081,-1.44315077132
651873000000,2.07028079033,-2.47282290459,0.925587117672,0.00783934768385,0.0119499407554,-0.000174183054165,0.472731709261,-0.0816615924455,1.52481189085,-1.443150737
651973000000,2.06911253929,-2.47185111046,0.92611181736,0.00742181306081,0.0112607918535,-4.95037698488E-05,0.472731709215,-0.0816615943382,1.52481189107,-1.44315066389
652073000000,2.06853246689,-2.47180056572,0.928271949291,0.00559710304976,0.00981060266931,0.000187700635575,0.472731709219,-0.0816615918064,1.52481189073,-1.44315076846
652174000000,2.0694258213,-2.47327136993,0.930261671543,0.00372449767331,0.00938836982065,3.248809745E-05,0.472731709166,-0.0816615928617,1.52481189084,-1.4431507268
652273000000,2.07044959068,-2.47405195236,0.931643307209,0.00332542283921,0.00903521563706,0.000101846584285,0.472731709149,-0.0816615947548,1.52481189111,-1.44315064744
652374000000,2.06995105743,-2.47003912926,0.931736528873,0.00429982318512,0.00630857719835,-0.000152496840274,0.472731709289,-0.0816615937717,1.52481189106,-1.44315068235
652477000000,2.07088184357,-2.46877765656,0.932321727276,0.00618675266954,0.00558945303199,-1.17068996883E-05,0.472731709271,-0.0816615917471,1.52481189082,-1.44315076387
652575000000,2.07243323326,-2.46868419647,0.933202266693,0.0062341962336,0.00597228205168,2.74672247976E-05,0.472731709308,-0.0816615922372,1.52481189089,-1.44315074201
652675000000,2.0734462738,-2.468085289,0.935091614723,0.00599418449876,0.00418853866241,2.99181102193E-05,0.472731709252,-0.081661595378,1.52481189125,-1.4431506173
652773000000,2.07126760483,-2.46613454819,0.937538743019,0.00661787717155,0.0045892362858,3.75235930137E-05,0.472731709388,-0.0816615925499,1.5248118908,-1.44315073496
652874000000,2.06872844696,-2.46478414536,0.942199230194,0.00655007995301,0.00813431064874,0.000246397078825,0.472731709223,-0.0816615946559,1.524811891,-1.44315065412
652974000000,2.06797933578,-2.46519637108,0.945507049561,0.00668385089869,0.010134927809,2.42846055437E-06,0.472731709284,-0.0816615932963,1.52481189083,-1.44315070861
653073000000,2.06631803513,-2.46494174004,0.949058353901,0.00640234460801,0.0104107078567,0.000303999002347,0.472731709102,-0.0816615932327,1.52481189079,-1.44315071374
653174000000,2.06334352493,-2.46345663071,0.952478051186,0.00705660410089,0.00912399135057,-3.09444716095E-05,0.472731709196,-0.081661594576,1.524811891,-1.4431506594
653274000000,2.0624256134,-2.46328043938,0.954631626606,0.00806098266433,0.00922833687867,5.97020367862E-05,0.472731709267,-0.0816615933154,1.52481189084,-1.44315071094
653373000000,2.06194806099,-2.46439814568,0.958341300488,0.00812627378339,0.0100832923889,0.000197759926363,0.472731709322,-0.0816615939279,1.52481189096,-1.44315068464
653474000000,2.06233167648,-2.4657959938,0.960392773151,0.00727447311547,0.0112207098664,0.000491119972781,0.390731709183,-0.163661585132,1.44281188848,-1.36115069139
653573000000,2.05837965012,-2.46402335167,0.964195907116,0.00543231132966,0.0132596983637,0.000755228316025,0.32483920437,-0.263661577019,1.34281188576,-1.26115062331
653672000000,2.05745625496,-2.46444916725,0.967204451561,0.00492018145183,0.0136316245863,0.000566875841893,0.324839204183,-0.296611471194,1.24281188424,-1.16115054941
653774000000,2.05777812004,-2.46553254128,0.970149815083,0.00495660864824,0.0139666799676,0.000572675744332,0.32483920391,-0.296611466122,1.14281188312,-1.06115057988
653873000000,2.05810761452,-2.46589946747,0.973443984985,0.00495521632375,0.013273029691,0.000307943150854,0.324839204147,-0.296611463619,1.04281188249,-0.961150505924
653973000000,2.05716395378,-2.46463370323,0.975505173206,0.00584503188016,0.0125487597813,0.000339211847459,0.324839204052,-0.296611462147,0.942811881868,-0.86115042559
654074000000,2.05651330948,-2.46359395981,0.97770601511,0.00638786789737,0.0135072093423,0.000505842930116,0.324839203497,-0.296611456461,0.842811881014,-0.761150510439
654173000000,2.05462193489,-2.45967912674,0.980667173862,0.00642752207212,0.0152543177904,0.000400963098325,0.324839204467,-0.296611454817,0.742811880511,-0.661150468128
654273000000,2.05491375923,-2.45874214172,0.982978582382,0.00823079772072,0.0162386360846,0.000320902031637,0.34135109148,-0.273045622485,0.775815145998,-0.561150656065
654373000000,2.05636262894,-2.45963168144,0.984105706215,0.00780989504234,0.0158342470681,0.000208931735938,0.341351091546,-0.273045622701,0.775815146084,-0.502769890437
654473000000,2.05819511414,-2.45959043503,0.985043466091,0.00591937486723,0.0141521443639,0.000396942214706,0.338899135275,-0.232773463818,0.732441681037,-0.499668495758
654574000000,2.05936002731,-2.45822668076,0.985389173031,0.00514351136834,0.012601515001,0.000475803643045,0.338899135116,-0.232773464347,0.73244168115,-0.499668467962
654674000000,2.0626308918,-2.45749306679,0.985250294209,0.00667145730877,0.0103522924997,0.000682848010721,0.353572606692,-0.188216938698,0.805333513569,-0.581668489926
654773000000,2.0661611557,-2.45810770988,0.985586822033,0.00858523716966,0.00993689656882,0.0001351280986,0.353572606746,-0.188216938331,0.805333513547,-0.617116831853
654873000000,2.06817507744,-2.45881843567,0.985558271408,0.0098795624694,0.0101121104088,6.3102590257E-05,0.353572606686,-0.188216936986,0.805333513442,-0.617116880258
654973000000,2.06873750687,-2.4568297863,0.984905064106,0.0101126392096,0.0095303643265,0.000324679338216,0.353572606632,-0.188216936493,0.805333513443,-0.617116893573
655073000000,2.0705871582,-2.45672059059,0.98395127058,0.0096589215072,0.00907677586915,0.000302033841187,0.359782188753,-0.174937040118,0.816600877896,-0.641664075339
655174000000,2.07213592529,-2.45810198784,0.983636021614,0.0096479497012,0.0100811421852,-0.000101920234607,0.359782188794,-0.174937038095,0.816600877789,-0.641664143021
655273000000,2.07394957542,-2.45914173126,0.983242154121,0.00819026555046,0.0115090970223,3.64264977779E-05,0.36907792034,-0.178576335533,0.89131708866,-0.712741099855
655374000000,2.07594227791,-2.45825099945,0.981970191002,0.00724101498909,0.010651647207,-3.12317279566E-05,0.369077920407,-0.178576337852,0.891317088906,-0.712741010978
655473000000,2.07802176476,-2.4586596489,0.9815928936,0.0078087660311,0.0100787140479,-0.000128986235073,0.375581144944,-0.168939429247,0.92598952823,-0.757050392895
655573000000,2.07946944237,-2.45990538597,0.981572806835,0.00840421309304,0.0103642653224,-0.000234032919459,0.37558114497,-0.168939428141,0.925989528087,-0.757050437727
655673000000,2.08218216896,-2.4614841938,0.980672895908,0.00663820084752,0.00941999876688,-5.4630433536E-05,0.386148601129,-0.171611031796,0.981240292715,-0.809629516515
655773000000,2.08356714249,-2.45969104767,0.980676472187,0.00702882870685,0.00837289445396,-0.00021030874062,0.386148601367,-0.171611030814,0.981240292675,-0.809629547649
655873000000,2.08491206169,-2.45938658714,0.981321930885,0.00845232714873,0.00894319439762,-2.27281389556E-05,0.380253046455,-0.112255048807,0.908163269707,-0.795908488181
655973000000,2.08578157425,-2.4599840641,0.982122004032,0.00915749465617,0.00998118323714,-0.000163351132089,0.38025304624,-0.112255046009,0.908163269404,-0.795908596546
656074000000,2.08794093132,-2.46112275124,0.984455883503,0.00844735254541,0.0092020228747,-0.000204662354306,0.393019616313,-0.165450802168,0.991163269682,-0.878908505488
656174000000,2.08899903297,-2.46114301682,0.986428499222,0.00714421069695,0.00836741819597,-1.84957121665E-05,0.393019616262,-0.165450806515,1.09116327063,-0.953187110328
656273000000,2.09031200409,-2.46308135986,0.988551557064,0.00605616764713,0.00949367101378,6.34774895377E-05,0.393019616304,-0.165450806759,1.11863758311,-0.953187150068
656376000000,2.09103155136,-2.46581864357,0.990026295185,0.00441154222325,0.0105284295482,-7.04282606357E-05,0.393019616197,-0.165450808132,1.11863758312,-0.953187110426
656473000000,2.09181499481,-2.46711683273,0.991693973541,0.00368188197581,0.0108546382132,1.5683918069E-05,0.394471525567,-0.103589354931,1.15472640852,-1.03318718945
656576000000,2.09249210358,-2.46678543091,0.993578374386,0.00400058545431,0.00994757035395,6.55017856892E-05,0.394471525957,-0.103589356399,1.15472640865,-1.05113741399
656675000000,2.09303188324,-2.46751785278,0.995209872723,0.00442119732238,0.0101936288892,0.000436591282289,0.393470763825,-0.0504645336504,1.14035823257,-1.08989409238
656776000000,2.09368300438,-2.46843743324,0.996124863625,0.00488801244255,0.0106377620291,0.000243649088093,0.393470763796,-0.0504645336,1.14035823261,-1.08989408893
656875000000,2.09483337402,-2.46871376038,0.998436808586,0.00657097720885,0.00928640016849,0.000340295030965,0.39191195346,-0.0280864664379,1.15380432569,-1.12571822849
656974000000,2.0955760479,-2.46739292145,1.00167119503,0.00583718341106,0.00914398061447,0.000111572803447,0.391911953324,-0.0280864664226,1.15380432555,-1.12571823934
657073000000,2.09617710114,-2.46712851524,1.00395894051,0.00630114456727,0.00971865662695,3.25584600247E-05,0.391911953425,-0.0280864666391,1.15380432559,-1.12571822901
657173000000,2.09663534164,-2.46782588959,1.0054949522,0.00771589947683,0.0102673692878,-2.53617694746E-06,0.391911953553,-0.028086464878,1.15380432551,-1.12571828681
657275000000,2.09745073318,-2.46837806702,1.00721621513,0.00689193597923,0.0104840473227,0.000183560733167,0.391651957963,0.00973909647039,1.15028443328,-1.16002395098
657374000000,2.09868073463,-2.46714425087,1.01047873497,0.00593624293517,0.0099757548697,0.000403627010109,0.391651957998,0.00973909526661,1.15028443326,-1.16002391696
657473000000,2.09944987297,-2.46716761589,1.01197111607,0.00631245257416,0.0099774152032,0.000253271926159,0.405363410635,0.084739092464,1.12728073628,-1.2197734096
657574000000,2.10054302216,-2.46872830391,1.01359069347,0.0059433374875,0.00949870628187,0.000224213216719,0.405363410476,0.0924922894201,1.12728073627,-1.21977344751
657673000000,2.10165190697,-2.46901893616,1.01392924786,0.00480072668166,0.00899763847297,0.000451501224955,0.409712224988,0.104223018756,1.13054909761,-1.23477246225
657773000000,2.10241007805,-2.46819472313,1.01398289204,0.00427569111634,0.00904864516588,0.000424633920179,0.409712224927,0.104223018846,1.13054909761,-1.23477246516
657873000000,2.10387015343,-2.46793484688,1.01346683502,0.00545041320127,0.0080913522053,3.53693439844E-05,0.41367751332,0.124542665524,1.1327417143,-1.25728477735
657974000000,2.10507965088,-2.46888375282,1.01250970364,0.00668379019315,0.00711312506739,0.000233412416654,0.41367751346,0.124542665043,1.13274171431,-1.25728476186
658073000000,2.10573840141,-2.46850562096,1.01218235493,0.00688284511335,0.0058852298409,0.000267826827832,0.415681362058,0.12488622489,1.15167763336,-1.27656423243
658174000000,2.10603165627,-2.46745872498,1.01206946373,0.00598732295847,0.00663517557376,0.000285222802383,0.415681361879,0.124886225988,1.15167763324,-1.27656427351
658273000000,2.10588145256,-2.46789193153,1.01117241383,0.00545097168614,0.0070981851831,1.35298090661E-05,0.418202549004,0.118299083928,1.18343320028,-1.30173267314
658374000000,2.1055226326,-2.46890187263,1.01047027111,0.00472364249332,0.00823238549883,2.28153546854E-05,0.418202549069,0.118299086193,1.18343320007,-1.30173275287
658474000000,2.10468220711,-2.47077274323,1.00962913036,0.00463119297529,0.00924676746193,4.45087540818E-05,0.418202548936,0.118299084135,1.18343320023,-1.30173268078
658573000000,2.10479593277,-2.46803379059,1.00768971443,0.00519741658124,0.0115022161921,-0.000229148374753,0.418202548958,0.118299086109,1.18343320012,-1.30173274936
658674000000,2.104804039,-2.46757650375,1.00588810444,0.0062291219533,0.0101445121512,-0.00031797606245,0.420086175004,0.0992176841982,1.22750559033,-1.32672371787
658774000000,2.10490369797,-2.46781563759,1.00521123409,0.0069304548999,0.00980660080368,-0.000297213388024,0.420086175022,0.099217685543,1.22750559014,-1.32672377148
658873000000,2.10661911964,-2.46780252457,1.00405550003,0.00714064250882,0.00763867392282,1.65673229133E-05,0.425430416893,0.0806072577343,1.26365509233,-1.34426273588
658974000000,2.10832571983,-2.46671509743,1.00334656239,0.00728191709542,0.00685573797904,0.000188240589527,0.42543041688,0.0806072583942,1.26365509227,-1.34426276091
659073000000,2.11127495766,-2.46509075165,1.0010663271,0.0075333344333,0.00696940377113,0.000510188152625,0.424205988379,0.0375616003488,1.31285276614,-1.35041482622
659173000000,2.11378526688,-2.46299338341,0.998236179352,0.00819035103553,0.00636379051197,0.000207547845097,0.424205988263,0.0375616027925,1.31285276599,-1.35041491259
659273000000,2.11590862274,-2.46242666245,0.996540784836,0.00914442997535,0.00249559291646,0.00036317200163,0.424506902616,-0.0254199555524,1.38842215812,-1.36300245759
659374000000,2.11703777313,-2.46322798729,0.99509447813,0.00926758585338,0.00213856852727,0.000509355531806,0.424506902528,-0.0254199519318,1.38842215776,-1.36300259393
659473000000,2.11751651764,-2.46412777901,0.994099378586,0.00746926101575,0.00428313712838,0.000601421156094,0.435511975889,-0.0717301288406,1.46091666454,-1.38918710827
659573000000,2.11782979965,-2.46371555328,0.993296325207,0.00721702508058,0.00524971085518,0.000508779338038,0.435511976039,-0.0717301301569,1.46091666469,-1.3891870558
659674000000,2.11793017387,-2.46427440643,0.991707026958,0.00764837840045,0.00451161159127,0.000183735058664,0.435511976249,-0.0717301317406,1.46091666491,-1.38918699078
659773000000,2.11748671532,-2.46662116051,0.99115139246,0.00644351177191,0.00439884752405,4.93228222312E-05,0.435511976075,-0.0717301301576,1.46091666465,-1.3891870566
659873000000,2.11700415611,-2.46815943718,0.990990161896,0.00619140264531,0.00380389445109,0.000188625114585,0.436568200264,-0.0965199201434,1.49108913209,-1.39456964299
659974000000,2.1152882576,-2.46745562553,0.989849328995,0.00785349559913,0.00373738185702,0.000497346113372,0.436568200412,-0.0965199191077,1.49108913193,-1.39456968553
660074000000,2.11438965797,-2.4677977562,0.989567279816,0.00892852652213,0.00400717166473,0.000329273858817,0.436568200227,-0.0965199169094,1.49108913174,-1.39456976895
660174000000,2.11312246323,-2.46935892105,0.989297389984,0.00845261810768,0.00331627198792,0.000370413105086,0.436568200223,-0.0965199195327,1.49108913199,-1.39456966694
660274000000,2.11223316193,-2.4705350399,0.987997233868,0.00761288700521,0.00403260777293,0.000335753291088,0.436568200243,-0.0965199189046,1.49108913189,-1.39456969432
660373000000,2.11226344109,-2.47079372406,0.985286831856,0.00737380715946,0.00454527608591,7.64385963567E-05,0.436568200269,-0.0965199186643,1.491089132,-1.39456969501
660473000000,2.11157369614,-2.47217726707,0.983144760132,0.00682778675116,0.0047226072573,4.4614085278E-05,0.436568200207,-0.0965199196185,1.49108913208,-1.39456965986
660573000000,2.11099267006,-2.47392296791,0.982380270958,0.00653934362335,0.00558158248956,0.000103808948957,0.436568200312,-0.0965199183495,1.49108913191,-1.39456971047
660673000000,2.10974049568,-2.4753382206,0.982122242451,0.0050777053608,0.00572668323175,-0.000149750339794,0.436568200263,-0.0965199179167,1.49108913184,-1.39456972839
660773000000,2.10805511475,-2.47483301163,0.981953978539,0.00429203312736,0.0060114293211,5.13388712507E-05,0.436568200079,-0.0965199174002,1.49108913183,-1.39456974719
660873000000,2.10721826553,-2.47504544258,0.982288300991,0.00466919810469,0.00561026469474,-4.45594920354E-05,0.436568200198,-0.0965199192142,1.49108913197,-1.39456967849
660976000000,2.10588693619,-2.47586631775,0.982969760895,0.00643036412533,0.00424387265424,0.000107211590021,0.436568200303,-0.0965199199181,1.49108913196,-1.39456965587
661074000000,2.10509228706,-2.4768512249,0.983426034451,0.00708995132706,0.005034875709,0.00017177037058,0.436568200136,-0.0965199186896,1.49108913184,-1.39456970157
661173000000,2.10248446465,-2.47531580925,0.979182481766,0.00681011943215,0.00655603970397,-1.78003739878E-05,0.436568200225,-0.0965199175638,1.49108913187,-1.39456973881
661274000000,2.10139393806,-2.47530531883,0.977805614471,0.00697592217715,0.00654768973637,0.000474910521872,0.436568200215,-0.0965199189764,1.49108913201,-1.39456968549
661373000000,2.10009241104,-2.47511100769,0.971205353737,0.0070121734243,0.00587098402695,-0.000218222210101,0.436568200176,-0.0965199175401,1.49108913186,-1.39456974286
661473000000,2.09947609901,-2.4755923748,0.96808052063,0.00689760415416,0.00499863383491,8.20618444872E-05,0.43656820017,-0.096519919636,1.49108913215,-1.39456965716
661573000000,2.09887313843,-2.47656989098,0.966121852398,0.00859189215279,0.00601329483827,-0.000185241275388,0.436568200257,-0.096519915486,1.4910891317,-1.39456981781
661673000000,2.0984518528,-2.47792577744,0.964572370052,0.00746956536518,0.00561351410591,0.000163676196898,0.436568200307,-0.0965199191064,1.49108913211,-1.39456967469
661773000000,2.09760594368,-2.479377985,0.962342381477,0.00563880955242,0.00565619768527,0.000149385182945,0.436568200214,-0.0965199182682,1.49108913192,-1.39456971547
661873000000,2.09732031822,-2.48105669022,0.961686074734,0.00439304938283,0.0050238230844,3.08441209154E-05,0.436568200178,-0.0965199194433,1.49108913217,-1.3945696632
661974000000,2.09735631943,-2.48273730278,0.962157189846,0.00591360866245,0.00438059049869,-7.80009026722E-05,0.436568200359,-0.0965199183631,1.49108913193,-1.39456970974
662073000000,2.09692025185,-2.48445940018,0.963010787964,0.00576835070117,0.00420076439492,-0.000184711245388,0.436568200325,-0.0965199177668,1.49108913183,-1.39456973353
662173000000,2.09571647644,-2.48512911797,0.963155984879,0.00483429586574,0.00317195339182,-3.04338071287E-05,0.436568200302,-0.0965199197437,1.49108913204,-1.39456965649
662273000000,2.09439611435,-2.48682069778,0.96382689476,0.00467238706862,0.00285025256789,-1.18859242002E-05,0.43656820025,-0.0965199199297,1.49108913202,-1.39456965228
662373000000,2.09385752678,-2.48784375191,0.96480858326,0.00421969267903,0.00344515519007,-8.36844680439E-05,0.43656820021,-0.0965199195916,1.49108913206,-1.39456966162
662474000000,2.0924782753,-2.48901414871,0.965790688992,0.00549528165262,0.0060359218299,0.00035199204524,0.436568200316,-0.0965199175037,1.4910891318,-1.39456974377
662573000000,2.09090590477,-2.48871946335,0.96414399147,0.00567574002212,0.00642033986631,0.000432696101624,0.436568200123,-0.096519918461,1.49108913193,-1.39456970582
662675000000,2.0900080204,-2.4890396595,0.9629098773,0.00597711509767,0.00578882708305,6.27350387201E-05,0.436568200376,-0.0965199189017,1.49108913206,-1.39456968336
662773000000,2.08962678909,-2.4895222187,0.962882518768,0.0056340409374,0.00544599742329,0.000186037605857,0.436568200138,-0.0965199180938,1.49108913194,-1.39456971738
662874000000,2.08913612366,-2.4902100563,0.96342676878,0.00523685927983,0.00561487011022,0.000359634554823,0.436568200179,-0.0965199190093,1.49108913189,-1.39456968941
662973000000,2.08811473846,-2.49053072929,0.962464928627,0.00470995922932,0.00413173189316,0.000354324496857,0.436568200341,-0.0965199197646,1.49108913197,-1.39456965832
663074000000,2.08793258667,-2.49099969864,0.962465405464,0.00412841895651,0.00380791055781,-2.1811151181E-05,0.436568200183,-0.0965199192734,1.49108913184,-1.39456968225
663174000000,2.08838415146,-2.49186062813,0.962607741356,0.00440997299447,0.00337263152514,0.000141464114827,0.436568200263,-0.0965199190513,1.49108913189,-1.39456968576
663274000000,2.0879547596,-2.49219179153,0.961231589317,0.00512020291196,0.00342067616904,8.97639288651E-05,0.436568200247,-0.0965199183055,1.49108913193,-1.39456970768
663374000000,2.08612561226,-2.49211621284,0.959473729134,0.00579546177501,0.0027170100462,0.000233107091305,0.436568200447,-0.0965199186341,1.49108913198,-1.39456969212
663473000000,2.08434319496,-2.49241399765,0.958249211311,0.00587541889315,0.00290724462914,1.7981614959E-05,0.436568200387,-0.0965199193876,1.49108913213,-1.39456966046
663573000000,2.08301067352,-2.49330163002,0.958344578743,0.00419238871991,0.00514188728596,-0.000133617455628,0.436568200078,-0.0965199180193,1.4910891318,-1.39456972657
663673000000,2.08154940605,-2.49415850639,0.958226501942,0.0040564962754,0.00551870059545,-0.000276755608789,0.436568200493,-0.0965199185452,1.49108913196,-1.39456969717
663773000000,2.07791042328,-2.49519777298,0.957129776478,0.00414104016493,0.00568442723965,-0.000477979622664,0.436568200224,-0.0965199181367,1.49108913192,-1.39456971286
663874000000,2.07574915886,-2.49649977684,0.957361280918,0.00327532236907,0.00668250147604,-0.000101251959525,0.436568200261,-0.0965199190483,1.49108913198,-1.39456968007
663974000000,2.07472777367,-2.49737024307,0.958084344864,0.00315907369809,0.00703593541574,-8.49819546507E-05,0.436568200305,-0.0965199191851,1.49108913196,-1.39456967873
664075000000,2.07293987274,-2.49799060822,0.958677947521,0.00428119041083,0.00812190836932,-0.000101385227207,0.436568200301,-0.0965199168669,1.49108913166,-1.3945697729
664173000000,2.06898856163,-2.49809741974,0.958240747452,0.00416735450445,0.0088500189094,0.000240304380521,0.436568200293,-0.0965199181948,1.49108913198,-1.39456971209
664274000000,2.06688070297,-2.49840903282,0.958822667599,0.00382534985604,0.00963750839621,0.000416220891831,0.436568200331,-0.0965199183173,1.49108913205,-1.39456970413
664373000000,2.06624794006,-2.4989593029,0.959897875786,0.00352675636814,0.0107220306181,0.000518945370846,0.436568200399,-0.0965199173266,1.49108913194,-1.39456974441
664473000000,2.06562638283,-2.4993891716,0.960284352303,0.00232589325257,0.00950531480211,0.000209652575346,0.436568200335,-0.0965199193083,1.49108913213,-1.39456967036
664575000000,2.06450200081,-2.49948644638,0.959702372551,0.00167120465753,0.0096601398721,7.48335082981E-05,0.436568200277,-0.0965199192989,1.49108913217,-1.39456966942
664673000000,2.06411576271,-2.49988985062,0.959100544453,0.00150587090528,0.00973943446459,0.000224307819258,0.43656820042,-0.0965199191621,1.4910891321,-1.39456967676
664773000000,2.06469035149,-2.50035858154,0.959812104702,0.00142941396513,0.0100101674546,0.000159306453202,0.436568200393,-0.0965199196683,1.49108913212,-1.39456965981
664875000000,2.06599116325,-2.50083231926,0.96093583107,0.000901874480248,0.00963419106959,0.000689997399553,0.43656820026,-0.0965199185193,1.49108913197,-1.3945697068
664974000000,2.06399154663,-2.50017881393,0.959585189819,0.00150518282829,0.00985863093409,0.000351426439679,0.436568200388,-0.0965199191355,1.49108913206,-1.39456968163
665073000000,2.06385350227,-2.49989080429,0.960365056992,0.00172237490821,0.0100531914269,0.000347691410439,0.43656820033,-0.0965199196177,1.49108913209,-1.3945696654
665173000000,2.06412577629,-2.49988389015,0.961423575878,0.00200819335752,0.0108738812571,0.000464762728426,0.436568200348,-0.0965199176816,1.49108913177,-1.39456974811
665275000000,2.06474781036,-2.4991004467,0.962788820267,0.00203727734733,0.0118799108283,0.000394548903424,0.436568200393,-0.0965199189865,1.49108913207,-1.39456968822
665374000000,2.06438326836,-2.49733972549,0.961580634117,0.00161125150534,0.0118237673993,0.000438756784829,0.436568200459,-0.0965199188113,1.49108913207,-1.3945696951
665473000000,2.06487941742,-2.49672651291,0.961765825748,0.00103167288448,0.0119496597503,0.000381867883265,0.436568200391,-0.0965199176655,1.49108913192,-1.39456974177
665573000000,2.06650876999,-2.49639630318,0.962255060673,-8.6037150201E-05,0.0110804922313,0.000377586345347,0.436568200322,-0.0965199182458,1.49108913204,-1.39456971634
665673000000,2.06886267662,-2.49573040009,0.96257597208,0.000319874592538,0.00927456827255,0.00059913211273,0.436568200508,-0.0965199180407,1.49108913189,-1.394569732
665772000000,2.06938529015,-2.49464893341,0.961370170116,0.000378905241319,0.00878362440889,0.000576721260934,0.436568200358,-0.0965199185896,1.49108913217,-1.39456969868
665873000000,2.07132005692,-2.49352574348,0.959475040436,0.000479398757991,0.0096927095063,0.000719249659732,0.436568200425,-0.0965199176361,1.49108913205,-1.39456973618
665973000000,2.0730137825,-2.49309945107,0.959170043468,0.000680564419538,0.00996143407238,0.000803936959464,0.436568200287,-0.0965199174144,1.49108913205,-1.39456974343
666074000000,2.07483649254,-2.49289369583,0.959609687328,0.00150928985233,0.00944512821072,0.000592891356776,0.436568200638,-0.0965199186116,1.49108913217,-1.39456969583
666173000000,2.07669520378,-2.49084305763,0.959921777248,0.00232583979287,0.00748808117597,0.000566652362216,0.436568200467,-0.0965199196628,1.49108913226,-1.39456965781
666273000000,2.07826399803,-2.48997759819,0.961229324341,0.00242576020059,0.00765251976325,0.000376215026984,0.436568200484,-0.0965199199491,1.49108913221,-1.39456965163
666373000000,2.07934880257,-2.48948907852,0.962816655636,0.00262820982368,0.00869121764565,7.0764624245E-05,0.436568200383,-0.0965199178743,1.49108913188,-1.39456973735
666475000000,2.08157706261,-2.48760867119,0.965722382069,0.00472136453883,0.0098763881235,0.000420597386984,0.436568200451,-0.0965199169261,1.49108913171,-1.39456977706
666574000000,2.08287477493,-2.48525476456,0.965562105179,0.00473375492569,0.00873202145616,0.000258126074544,0.436568200218,-0.0965199192293,1.49108913202,-1.39456968631
666673000000,2.08445048332,-2.48365283012,0.966034412384,0.0054848490155,0.00853708639111,0.000337410576411,0.436568200491,-0.0965199186503,1.49108913193,-1.39456971136
666773000000,2.08568024635,-2.48310732841,0.966982781887,0.00468994061032,0.00885204450535,0.000807818029147,0.436568200418,-0.0965199209947,1.49108913223,-1.39456961677
666873000000,2.0868563652,-2.48257684708,0.967303454876,0.00414946132911,0.00996458716465,0.000641506131839,0.436568200353,-0.0965199175109,1.49108913192,-1.39456974834
666978000000,2.08766818047,-2.48165178299,0.96665096283,0.00347942610204,0.00985580628713,0.00068585747574,0.436568200368,-0.0965199178522,1.49108913205,-1.39456972957
667073000000,2.08923840523,-2.48167824745,0.965712785721,0.00128474566514,0.00906617917299,0.000626990670775,0.436568200361,-0.0965199197173,1.4910891323,-1.3945696559
667173000000,2.09013319016,-2.48227548599,0.96561652422,0.00111503620676,0.00893091001534,0.000405378290116,0.436568200357,-0.0965199196193,1.49108913222,-1.3945696644
667273000000,2.09166169167,-2.48295688629,0.966338574886,0.000822146452271,0.00957512911292,0.000454996872291,0.436568200303,-0.0965199191145,1.49108913214,-1.39456968541
667374000000,2.0934650898,-2.48231506348,0.966600596905,0.000390515801808,0.0102993706875,0.000351413066635,0.436568200383,-0.0965199178438,1.49108913202,-1.39456973188
667473000000,2.09490036964,-2.48268032074,0.967593967915,-0.000420060304332,0.0100688129751,0.000505171108412,0.436568200363,-0.0965199199513,1.49108913223,-1.39456965038
667573000000,2.09604501724,-2.48338031769,0.969554305077,-8.44625794299E-05,0.0101399080794,0.000551028201928,0.436568200366,-0.0965199185469,1.49108913184,-1.39456971942
667673000000,2.09822916985,-2.48295259476,0.970703959465,0.00113138625301,0.00891586228786,0.00042761223665,0.436568200599,-0.0965199201442,1.49108913202,-1.39456965586
667774000000,2.10242056847,-2.48024916649,0.969949960709,0.00175079345126,0.0082695927962,-0.00012257422685,0.436568200468,-0.0965199199089,1.49108913219,-1.39456965404
667874000000,2.10512876511,-2.47912693024,0.970147371292,0.0022659355049,0.00753881444681,1.52005313077E-05,0.436568200456,-0.0965199183142,1.49108913193,-1.39456972149
667973000000,2.10634326935,-2.47890615463,0.970501482487,0.00186850873961,0.00744245677139,0.000116282905845,0.436568200422,-0.0965199186147,1.4910891321,-1.39456970235
668073000000,2.10918331146,-2.4776456356,0.971149682999,0.00197491843362,0.00789349222085,0.000189786134856,0.436568200306,-0.0965199183668,1.49108913208,-1.3945697121
668174000000,2.11315488815,-2.47334456444,0.971446156502,0.00244605643796,0.0080027669759,0.00019127358261,0.436568200447,-0.096519919194,1.49108913213,-1.39456968077
668276000000,2.11505413055,-2.47112822533,0.972227096558,0.00476579876813,0.00838359157871,-2.33500513307E-05,0.436568200366,-0.0965199177743,1.4910891319,-1.39456974096
668374000000,2.11618804932,-2.47008466721,0.974097132683,0.0057757780045,0.00841997214593,8.91388545225E-05,0.436568200474,-0.0965199178782,1.49108913182,-1.39456974258
668473000000,2.11868453026,-2.46876502037,0.975452959538,0.00484243043163,0.00805595960741,0.000201328862788,0.436568200417,-0.0965199187562,1.49108913195,-1.39456970581
668573000000,2.12133097649,-2.46717214584,0.975914418697,0.00371679147195,0.00747056812492,1.60750076879E-05,0.436568200316,-0.0965199185517,1.49108913195,-1.394569712
668675000000,2.12582087517,-2.4656355381,0.976951897144,0.00420567770827,0.00495359519029,-2.27952416765E-05,0.436568200379,-0.0965199185001,1.49108913205,-1.3945697076
668773000000,2.12756705284,-2.46592116356,0.977878689766,0.00486150394116,0.00295716247502,0.000371422673324,0.436568200568,-0.0965199194081,1.49108913205,-1.39456967685
668874000000,2.12958884239,-2.46546983719,0.978556454182,0.0041266916045,0.00281698753452,7.32476005636E-05,0.436568200352,-0.0965199200268,1.49108913208,-1.39456965598
668973000000,2.13279438019,-2.4627289772,0.977853655815,0.00396900228933,0.00299621878035,-4.05842508905E-05,0.436568200303,-0.0965199188988,1.49108913192,-1.39456970058
669074000000,2.13449811935,-2.46144223213,0.977531075478,0.0053947232015,0.0027147617451,1.93767695836E-05,0.436568200261,-0.0965199187791,1.49108913207,-1.39456969475
669173000000,2.1350107193,-2.46146774292,0.97790646553,0.00625211852663,0.0019461060743,0.000405553634591,0.436568200377,-0.0965199206418,1.49108913222,-1.3945696229
669273000000,2.1357729435,-2.46112561226,0.978613436222,0.00683225819491,0.00259991311745,0.000612175702899,0.436568200254,-0.096519917064,1.49108913169,-1.39456977134
669374000000,2.13744592667,-2.45974373817,0.978203415871,0.00707875314762,0.00282366931031,0.000620369179505,0.43656820019,-0.0965199199652,1.49108913208,-1.39456965451
669474000000,2.13842391968,-2.45910525322,0.977891981602,0.0074401294699,0.00294159761199,0.000401900258201,0.436568200357,-0.0965199197135,1.49108913209,-1.39456966042
669574000000,2.14068555832,-2.45657277107,0.975917994976,0.00620638766307,0.00334554063457,0.000341152409204,0.43656820024,-0.0965199196289,1.4910891321,-1.39456966243
669675000000,2.14056634903,-2.4563331604,0.974914431572,0.00743755806869,0.00359920832048,0.000265762217112,0.436568200246,-0.0965199189835,1.49108913203,-1.39456968829
669773000000,2.13906550407,-2.45713758469,0.974619150162,0.008868154963,0.0040136575482,0.000533427657913,0.436568200446,-0.0965199197993,1.49108913214,-1.39456965548
669876000000,2.13797736168,-2.45797348022,0.97445577383,0.00846466409788,0.00549484740103,0.000407471779437,0.436568200148,-0.0965199188401,1.491089132,-1.39456969694
669973000000,2.13862729073,-2.45775055885,0.973062932491,0.00801336421962,0.00692331011978,0.000351600680413,0.436568200214,-0.0965199184788,1.49108913196,-1.39456971088
670073000000,2.13799524307,-2.45838713646,0.972030758858,0.00849563365426,0.00677421096984,0.000248448489742,0.436568200228,-0.09651992012,1.49108913222,-1.394569642
670173000000,2.13654303551,-2.4599301815,0.971618115902,0.00925166709672,0.00605079947467,0.000281212408534,0.436568200263,-0.0965199187205,1.49108913204,-1.39456969927
670276000000,2.13585567474,-2.46139979362,0.970865786076,0.00958030418246,0.00538597433303,0.000109167618032,0.43656820033,-0.0965199212241,1.49108913232,-1.39456960188
670373000000,2.13684558868,-2.46229696274,0.969699621201,0.00929711876691,0.00635162632805,0.000150489593091,0.436568200225,-0.0965199190089,1.49108913204,-1.39456969321
670475000000,2.1365711689,-2.46401548386,0.968712747097,0.00890455244416,0.00758474586393,0.000302165495672,0.436568200193,-0.0965199181914,1.49108913198,-1.39456972272
670573000000,2.13550806046,-2.46576976776,0.968224942684,0.00838206914546,0.00696388391631,0.00028080657803,0.436568200283,-0.09651991916,1.49108913221,-1.39456967812
670674000000,2.13329362869,-2.4684612751,0.967452287674,0.00737539141607,0.00740336636834,0.000311712431335,0.436568200293,-0.0965199186032,1.49108913202,-1.39456970789
670773000000,2.13525462151,-2.47016787529,0.96599572897,0.0074028049152,0.00843845526779,9.70688604934E-05,0.436568200171,-0.096519918627,1.491089132,-1.39456970916
670872000000,2.13507175446,-2.47351074219,0.965323448181,0.00794182175711,0.00816838932397,-5.49776868156E-05,0.436568200446,-0.0965199188481,1.49108913213,-1.39456969406
670973000000,2.13382458687,-2.47607445717,0.965976417065,0.0057489504017,0.00842332974227,-4.83649511344E-05,0.436568200201,-0.0965199205022,1.49108913224,-1.39456963408
671073000000,2.13201022148,-2.47816801071,0.966849625111,0.0051685762506,0.00878715773592,-0.000195699053785,0.436568200234,-0.0965199206474,1.49108913226,-1.39456962936
671174000000,2.13396120071,-2.48088955879,0.965593397617,0.00550794268761,0.0118600656983,-0.0004069382775,0.436568200362,-0.0965199165325,1.4910891318,-1.39456979131
671273000000,2.13308691978,-2.48370862007,0.965878367424,0.00488008143542,0.0121879220377,-0.000225675941892,0.436568200195,-0.0965199184612,1.49108913203,-1.39456971544
671377000000,2.13208580017,-2.48504853249,0.966083467007,0.00407071393936,0.0122987861965,-0.000158647045667,0.436568200182,-0.096519919968,1.49108913224,-1.3945696545
671473000000,2.13121747971,-2.48724365234,0.966151177883,0.00570173606081,0.0129771648466,-0.000114567060163,0.436568200402,-0.0965199182781,1.49108913202,-1.39456972482
671574000000,2.13499355316,-2.48849987984,0.965237736702,0.00574065245748,0.0137959887312,-4.53706936441E-05,0.436568200195,-0.0965199172744,1.49108913193,-1.39456976382
671675000000,2.13695573807,-2.48976445198,0.965108275414,0.00542581787584,0.0121312718501,-0.000205223426003,0.436568200279,-0.0965199188636,1.49108913216,-1.39456969848
671774000000,2.1373705864,-2.49087524414,0.965341687202,0.00535099042473,0.0102952837958,-5.784565375E-05,0.43656820033,-0.0965199213334,1.49108913247,-1.39456959876
671873000000,2.13979172707,-2.49279808998,0.965693950653,0.00445414096739,0.00895977213645,-0.000328267383844,0.436568200279,-0.0965199188069,1.49108913207,-1.39456970503
